OAJ326,Gema,Cremin,gema.cremin@macgyver.biz,1-802-159-4676,Sun Aug 21 16:05:09 EET 1949
ANF998,Kim,Oberbrunner,kim.oberbrunner@medhurst.com,(499) 910-6615 x9526,Sat Dec 16 02:13:44 EET 1967
JJO8475,Dirk,O'Hara,dirk.o'hara@mertz.co,214.901.5892 x9214,Mon Oct 28 04:32:33 EET 1946
TOO8794,Ramiro,Lynch,ramiro.lynch@kutch.info,012-729-3751 x526,Fri May 18 04:55:26 EET 1979
YYU946,Collen,Durgan,collen.durgan@murray.biz,1-553-658-6515 x441,Fri Feb 15 17:46:40 EET 1991
CZG3697,Clarissa,Kunde,clarissa.kunde@bogan.co,070.124.1021 x21125,Tue Aug 09 19:06:42 EEST 1994
ACG3101,Haywood,Yundt,haywood.yundt@smith.net,(236) 670-2290 x9193,Tue Sep 17 06:10:06 EET 1974
DRZ734,Dawn,Ratke,dawn.ratke@ortiz.io,1-922-832-4116 x3396,Thu May 22 11:30:49 EET 1952
KVY8017,Omega,Schiller,omega.schiller@reilly.net,581.133.4503 x97230,Sat May 16 07:27:39 EEST 1936
TCL0846,Phillip,Will,phillip.will@hayes.biz,(890) 664-0503,Fri Dec 30 03:58:44 EET 1960
IRA0105,Sterling,Moore,sterling.moore@ferry.name,(882) 041-3074 x533,Wed Jul 25 21:49:52 EET 1979
CIB636,Shavonda,Jacobson,shavonda.jacobson@pacocha.name,295-562-3010 x62082,Thu Nov 06 18:35:05 EET 1975
NUN3581,Sam,O'Kon,sam.o'kon@rolfson.co,1-546-733-2976 x48050,Mon Jul 12 05:50:45 EET 1954
MVE4234,Loyd,Wisoky,loyd.wisoky@carter.com,964.623.9383 x61954,Tue Jul 12 06:33:02 EET 1960
GBY7380,Marty,Borer,marty.borer@trantow.info,(923) 488-1639 x040,Mon Oct 31 00:34:33 EET 1977
UZE558,Rosaria,Denesik,rosaria.denesik@rippin.io,1-096-909-9472,Thu Dec 08 21:31:17 EET 1994
PBG159,Debera,Greenfelder,debera.greenfelder@wisozk.net,817.462.1358,Thu Jan 31 02:59:51 EET 1985
QCC6525,Malcolm,Gottlieb,malcolm.gottlieb@bins.info,416-015-7703,Sat Nov 22 09:20:29 EET 1952
RNY1222,Jeramy,Langosh,jeramy.langosh@hettinger.net,009-007-3715 x73536,Mon Oct 20 07:46:38 EEST 1997
NYJ7384,Virgil,Osinski,virgil.osinski@doyle.co,763-723-3860 x998,Sun Mar 21 03:05:50 EET 1999
SGV8691,Gus,Smitham,gus.smitham@altenwerth.com,1-123-437-8484 x420,Fri Apr 23 17:26:17 EEST 2004
FVE8589,Victor,Gutkowski,victor.gutkowski@kling.name,184.725.7366 x176,Wed Apr 24 15:29:45 EET 1957
LRU3817,Ai,Keeling,ai.keeling@rath.biz,118.792.7033 x34132,Mon Jan 04 19:39:21 EET 1971
PXL1700,Lindsey,Bashirian,lindsey.bashirian@heaney.org,1-199-517-0040,Mon Dec 05 19:35:00 EET 1977
ICE7539,Virgilio,Muller,virgilio.muller@dicki.com,1-914-465-2070 x48219,Tue Apr 06 22:29:57 EEST 1937
CDF8749,Thad,Weimann,thad.weimann@kling.co,(385) 938-1263,Thu Sep 16 01:27:38 EET 1926
PAL840,Antoine,Hickle,antoine.hickle@padberg.info,662-285-1644 x7361,Tue Dec 07 23:55:30 EET 1965
RNE9560,Jared,Littel,jared.littel@littel.net,042.664.5274,Fri Oct 20 03:47:51 EET 1989
JBZ7442,Maurice,Langworth,maurice.langworth@klein.biz,189.882.9745 x40462,Fri Dec 13 11:15:48 EET 1991
JKZ5469,Versie,Heaney,versie.heaney@wiza.net,644.096.5339,Fri Apr 07 00:51:06 EEST 2000
XAP235,Shanon,Schimmel,shanon.schimmel@smitham.name,040-634-7356 x50433,Thu Jul 12 12:54:26 EET 1979
KOP854,Celsa,Hackett,celsa.hackett@willms.net,(081) 292-3662,Wed Apr 23 08:10:51 EET 1930
HHH8077,Marleen,Kassulke,marleen.kassulke@leuschke.org,(820) 130-4126 x30378,Mon Dec 08 00:52:00 EET 1986
YZQ7156,Jeniffer,Mills,jeniffer.mills@gislason.name,298-524-6462 x4155,Fri Dec 15 11:48:39 EET 1967
RPT9968,Walker,Crona,walker.crona@bergstrom.name,1-673-947-5130 x324,Wed May 30 05:13:16 EEST 2001
KXN2207,Tracy,O'Keefe,tracy.o'keefe@corwin.co,944-410-8037,Mon Jul 22 20:51:08 EET 1974
OGT1940,Alaine,Borer,alaine.borer@weimann.info,754.671.9131,Mon Jun 21 00:29:14 EEST 1999
YFH779,Kermit,Thiel,kermit.thiel@jones.net,(631) 777-5793 x1677,Mon Apr 18 15:46:32 EET 1927
RRI3458,Chester,Cummerata,chester.cummerata@labadie.net,211-829-9698 x56680,Thu Oct 16 00:10:32 EET 1952
UQP5177,Tijuana,Bruen,tijuana.bruen@herzog.biz,975.637.7722,Sun Jul 31 19:27:32 EET 1927
BWI474,Roy,Johnston,roy.johnston@bailey.io,701.602.5345,Sat Feb 11 06:31:37 EET 1928
CXF3502,Meri,Cremin,meri.cremin@swift.net,308-003-7601,Fri Jun 05 21:43:48 EEST 1998
UEL9917,Royce,Sauer,royce.sauer@lueilwitz.name,826-262-3937 x558,Thu Aug 31 08:27:42 EET 1972
HIO3612,Laquanda,Cormier,laquanda.cormier@nienow.info,056-642-2135,Sat Jul 08 13:08:51 EET 1961
UIX2469,Agustina,Greenfelder,agustina.greenfelder@prosacco.biz,638-370-7590,Tue Jul 26 08:40:03 EEST 1983
BFU969,Jerrold,Bruen,jerrold.bruen@koss.net,537-681-8186 x91152,Thu Aug 15 18:20:41 EEST 2002
JRP931,Dion,Armstrong,dion.armstrong@dickinson.com,(488) 282-5789 x06721,Fri Apr 14 00:20:22 EEST 1933
UHS0949,Waylon,Schuppe,waylon.schuppe@schiller.io,(957) 977-9676,Wed Nov 01 19:59:44 EET 1989
XLJ1443,Blaine,Mueller,blaine.mueller@wilderman.org,1-273-340-9079 x75276,Sat May 18 13:19:33 EEST 1985
LKF2693,Theron,Weimann,theron.weimann@kub.biz,1-168-307-4543 x8270,Fri Oct 06 15:07:55 EET 1995
CFF1997,Eddy,Rippin,eddy.rippin@kilback.com,025-144-5757 x730,Sat Dec 01 04:08:01 EET 1928
PPB296,Domenica,Batz,domenica.batz@predovic.org,819.690.4589,Mon Jan 12 16:37:55 EET 1987
QDX173,Wai,Parisian,wai.parisian@cremin.name,949-577-5191 x4931,Sat Oct 29 06:39:26 EET 1927
AWT541,Petrina,Crist,petrina.crist@dickinson.name,891-326-7830,Thu Nov 18 21:09:47 EET 1926
GGU0801,Norberto,Tromp,norberto.tromp@frami.biz,974-548-9697 x84343,Sun Nov 16 23:32:44 EET 1947
KTP855,Chong,Keeling,chong.keeling@corwin.com,(492) 757-9654,Fri Feb 01 10:00:46 EET 2002
IHI2408,Valentin,Medhurst,valentin.medhurst@harris.name,1-014-879-4717 x8077,Tue Dec 02 22:59:26 EET 1952
GHL0478,Jamaal,Walter,jamaal.walter@rippin.info,932.744.9236,Sun Jun 29 08:54:05 EET 1975
PEC4058,Eugenio,Dicki,eugenio.dicki@breitenberg.net,799-888-6104 x22302,Thu Sep 05 22:49:16 EEST 1935
GAO954,Christia,Hirthe,christia.hirthe@ferry.io,042-690-3410,Mon Feb 17 00:58:56 EET 1975
YOV698,Torie,Wiza,torie.wiza@marks.org,(582) 082-4161 x0240,Tue Feb 02 06:31:51 EET 1960
MEP1545,Quincy,Reinger,quincy.reinger@stamm.com,(069) 107-0122 x0753,Sun Apr 23 09:55:11 EET 1978
CRL8084,Rosena,Adams,rosena.adams@cole.org,1-770-776-2712 x865,Thu Apr 27 14:54:04 EEST 1995
PQD0359,Hai,Crona,hai.crona@fritsch.co,774-509-5577 x8552,Tue Dec 20 10:16:03 EET 1983
DVE0379,Javier,Haley,javier.haley@hane.co,771.512.2476 x2731,Tue Aug 29 23:33:35 EEST 2006
YTR691,Wilton,Carter,wilton.carter@bins.biz,364.483.1944 x81389,Mon May 01 17:07:13 EET 1961
NVZ102,Reinaldo,Bogisich,reinaldo.bogisich@jaskolski.co,(295) 043-8626,Sat Jan 22 14:58:38 EET 1977
DZO7519,Lilliana,Schuppe,lilliana.schuppe@kilback.co,871-434-0508,Sun Oct 20 11:51:17 EEST 1940
GGV9393,Kay,Labadie,kay.labadie@rutherford.co,389-448-9655 x882,Mon Sep 14 20:29:33 EET 1964
CNP458,Lanelle,Lind,lanelle.lind@hayes.org,(467) 193-8797 x68060,Mon Apr 02 16:12:28 EET 1956
PXV2196,Malisa,Schimmel,malisa.schimmel@mraz.biz,1-270-475-8022 x47722,Wed Oct 31 05:25:18 EET 1928
GBR7308,Stan,Carroll,stan.carroll@blanda.com,789-694-4627 x75109,Wed Dec 25 11:39:39 EET 1963
ADG2185,Leo,Little,leo.little@yost.net,1-925-077-8267,Sat Aug 27 23:45:15 EEST 2005
MVC1333,Scot,Ankunding,scot.ankunding@rice.com,(606) 006-9867,Thu Dec 17 23:18:30 EET 1964
JWE6735,Charlyn,Block,charlyn.block@reinger.net,336.552.9600,Fri Oct 01 15:14:53 EET 1976
BJU683,Thea,Considine,thea.considine@harber.io,169-919-6479 x3093,Mon Apr 20 06:29:09 EEST 1987
LGL0603,Thanh,Sipes,thanh.sipes@mckenzie.biz,497-851-4303,Thu Oct 31 12:10:14 EET 1929
YBW4542,Joey,Dare,joey.dare@becker.net,(771) 777-1271 x00913,Thu Sep 28 02:13:58 EET 1995
APV384,Forest,Jenkins,forest.jenkins@beahan.io,1-270-527-5359,Thu Jul 21 10:15:39 EEST 1932
EHF6261,Zane,Durgan,zane.durgan@hoeger.com,111.619.5768,Fri Jul 26 18:25:58 EEST 1985
GXB0805,Alaina,Turcotte,alaina.turcotte@predovic.name,004-037-7847 x97746,Fri May 29 02:18:56 EEST 1987
IQN4528,Howard,Balistreri,howard.balistreri@dare.biz,413-374-7317,Tue Aug 05 03:24:28 EEST 1986
TJB087,Terrence,Haag,terrence.haag@ernser.co,725.737.3563 x6345,Thu Mar 31 07:16:40 EET 1977
UWG026,Ernie,Littel,ernie.littel@emard.com,956-042-0564,Mon Jul 13 17:32:57 EET 1953
KZV035,Zane,Runolfsdottir,zane.runolfsdottir@herzog.info,(198) 550-9642,Mon Jul 30 04:15:31 EET 1951
QJY365,Stanton,Abernathy,stanton.abernathy@harris.io,(333) 923-0437,Tue Oct 31 18:45:23 EET 1939
SWW067,Marty,Fay,marty.fay@langworth.biz,967-934-9069 x40129,Mon May 11 12:46:18 EET 1959
NLW0201,Harris,Bechtelar,harris.bechtelar@powlowski.com,691-884-7404 x381,Thu Sep 26 04:09:24 EET 1957
QRW1414,Dorthy,Marquardt,dorthy.marquardt@beatty.co,878.465.6296 x5219,Sun Feb 13 20:18:12 EET 1972
GPU5314,Robin,Bailey,robin.bailey@lind.biz,653.361.0607 x318,Fri Jun 27 14:19:50 EET 1975
DPU6237,Augustus,Jacobson,augustus.jacobson@swift.net,(689) 452-4260,Thu Dec 10 07:26:32 EET 1931
GKF1203,Debbi,Bayer,debbi.bayer@lockman.biz,1-263-504-3845,Mon Jul 04 06:22:44 EET 1977
IVN503,Maxie,Lueilwitz,maxie.lueilwitz@kunze.co,(685) 306-1315,Sun Oct 30 20:56:06 EET 1938
QEF5598,Yesenia,Dickinson,yesenia.dickinson@schmitt.org,461.071.7426,Mon Jul 11 08:50:01 EET 1949
TOI4044,Ricarda,Crist,ricarda.crist@denesik.biz,(451) 686-1507,Thu May 21 00:41:33 EET 1931
ZWM372,Eura,Fay,eura.fay@dicki.info,(260) 630-5524,Thu Dec 02 20:37:30 EET 1926
ZHM993,Dan,Jerde,dan.jerde@wolff.name,(296) 933-6923 x234,Sun Jun 23 22:56:13 EEST 1991
WEF4558,Jessi,Keeling,jessi.keeling@ondricka.com,1-626-248-5983 x6488,Wed May 09 12:36:49 EEST 1934
YOB180,Shana,Rolfson,shana.rolfson@hermann.com,1-730-285-8791 x09440,Mon Feb 07 00:14:36 EET 1927
FTW954,Sammy,Pollich,sammy.pollich@glover.io,333.455.5479,Wed Oct 23 14:49:16 EET 1963
AWW1075,Charolette,O'Hara,charolette.o'hara@zieme.com,(822) 471-2197 x12394,Fri Feb 10 14:32:50 EET 1928
WCH2389,Tommy,McLaughlin,tommy.mclaughlin@beatty.name,1-071-011-4883 x43230,Mon Apr 02 17:17:35 EET 1928
PFU3033,Galen,Hamill,galen.hamill@hettinger.io,327.609.1684 x61137,Tue Sep 01 02:38:36 EEST 1987
AUO1297,Hal,Gorczany,hal.gorczany@hessel.name,167.479.3592 x9658,Sun Dec 18 02:03:26 EET 1932
EDF6836,Elli,Yost,elli.yost@hartmann.name,(149) 796-1967,Sun Jul 28 09:34:32 EET 1968
PJN992,Thanh,Cremin,thanh.cremin@wehner.com,(093) 253-2838,Sun Oct 09 18:30:34 EET 1949
MHY714,Clayton,Dibbert,clayton.dibbert@hamill.org,(862) 105-1890,Fri Jan 11 14:35:27 EET 1929
EMB8410,Brandon,Heaney,brandon.heaney@mann.io,(738) 538-0113 x64206,Sat Sep 04 05:47:47 EEST 1943
PCX3700,Sam,Bruen,sam.bruen@bergstrom.org,1-701-521-4467 x189,Thu Jun 25 17:33:05 EEST 1936
FVM367,Shakita,Oberbrunner,shakita.oberbrunner@schultz.info,432-492-5131,Thu Feb 27 06:33:59 EET 1958
YQU8368,Latia,Schiller,latia.schiller@mccullough.biz,254.170.9656 x2869,Fri Mar 26 21:00:35 EET 1937
GXZ7181,Kent,Gutmann,kent.gutmann@schinner.name,1-184-828-2415,Mon Jul 01 21:17:23 EEST 1985
JZQ1506,Aaron,Gleichner,aaron.gleichner@kohler.org,215.827.3830 x4937,Mon Oct 16 07:33:03 EET 1972
LRM9963,Leonard,Sanford,leonard.sanford@effertz.io,747-334-9698,Tue Nov 03 07:48:06 EET 1987
DYA0500,Graig,Klein,graig.klein@schaden.com,(519) 062-5818,Sat Aug 30 05:18:26 EET 1975
BBG296,Missy,Dickinson,missy.dickinson@jacobson.io,1-848-628-2443 x9788,Mon Apr 18 13:20:24 EEST 2005
TEV6669,Maris,Dibbert,maris.dibbert@runolfsson.name,1-770-743-4927 x7974,Fri Jun 10 15:20:37 EEST 1988
SUT216,Lurlene,Wilkinson,lurlene.wilkinson@larkin.biz,(955) 614-9499 x4013,Wed Jun 15 21:27:17 EET 1977
MLG2892,Gilberto,Dibbert,gilberto.dibbert@auer.co,(167) 992-6208,Sun Sep 14 02:43:26 EET 1980
VVN8730,Sandee,Brakus,sandee.brakus@dicki.info,(278) 007-2546 x0726,Fri Jan 19 04:57:36 EET 1973
BMH6415,Johnetta,Wehner,johnetta.wehner@schmeler.com,(225) 750-3736,Sun Feb 27 00:16:56 EET 1966
JPV5656,Alejandrina,Walsh,alejandrina.walsh@corkery.com,(631) 032-6055 x856,Wed Jul 22 10:43:18 EET 1970
HAI768,Kiesha,VonRueden,kiesha.vonrueden@hegmann.info,(245) 670-7212,Tue Sep 24 06:53:13 EET 1963
UFI4086,Dick,Thiel,dick.thiel@stroman.biz,499-531-2788,Sun Sep 12 00:51:39 EEST 1999
CAB167,Herbert,Yost,herbert.yost@schmitt.biz,343-856-6490 x94298,Wed Oct 25 02:17:03 EEST 2000
WWS1376,Olive,Koepp,olive.koepp@hartmann.net,1-947-500-6228 x230,Wed Oct 05 15:42:21 EET 1994
VCT8293,Lacy,Keebler,lacy.keebler@herzog.co,(440) 093-2486,Thu Oct 11 02:43:49 EET 1928
BFI1819,Ruben,Hauck,ruben.hauck@smith.biz,(647) 293-5077,Fri Dec 04 20:24:22 EET 1942
ZCR0078,Shala,Will,shala.will@maggio.name,557-042-1912,Sun May 25 14:08:43 EET 1980
SQP928,Argelia,Kautzer,argelia.kautzer@thompson.org,110-255-6197 x867,Tue Nov 18 19:24:25 EET 1924
RFW9858,Glen,Hudson,glen.hudson@mckenzie.biz,635.133.7055 x73647,Fri Aug 28 06:37:01 EEST 1942
KHM8386,Santos,Gutmann,santos.gutmann@johnston.io,741.254.3451 x3643,Tue Nov 11 07:28:06 EEST 1941
LYJ8788,Lyndon,Yundt,lyndon.yundt@dach.io,(366) 843-3156 x05207,Sat Mar 29 18:00:21 EET 1952
ESH4389,Tanner,O'Kon,tanner.o'kon@willms.name,524.760.2712 x780,Tue Aug 25 07:24:28 EET 1931
JMT0551,Cassie,O'Hara,cassie.o'hara@beer.info,450.580.5553,Sun Feb 20 23:16:25 EET 2000
EES292,Marceline,Sanford,marceline.sanford@kling.com,1-360-437-3877,Sun Jun 26 01:50:01 EEST 1932
KWE7923,Reynaldo,Dickens,reynaldo.dickens@mclaughlin.io,569-978-5009 x57333,Tue Mar 30 09:30:48 EET 1965
IFN1919,Dewayne,Ward,dewayne.ward@altenwerth.info,(384) 281-8476,Sat May 22 08:18:18 EEST 1943
TMJ882,Michelle,Bradtke,michelle.bradtke@beatty.org,1-956-162-0170,Thu Feb 10 14:55:30 EET 1955
YVX1252,Aleisha,Upton,aleisha.upton@funk.net,1-110-370-0560 x36653,Sat Jan 04 01:22:40 EET 2003
YEU487,Evita,Boyer,evita.boyer@labadie.co,1-412-931-5476,Sun Dec 16 00:01:56 EET 1979
GTN201,Chi,Kozey,chi.kozey@koss.name,(683) 287-9864 x5420,Mon Jan 03 18:26:37 EET 1983
OGC5285,Dee,Hartmann,dee.hartmann@gottlieb.com,(370) 520-0360 x63777,Wed Feb 24 19:43:05 EET 1943
SQY2643,Romana,Mills,romana.mills@hand.biz,(956) 330-8170,Tue Jul 09 09:33:32 EET 1929
TUV003,Giovanni,Waelchi,giovanni.waelchi@bode.co,(044) 637-6521,Sun Jun 12 16:02:49 EEST 2005
UHS727,Tiera,Krajcik,tiera.krajcik@langosh.info,415.225.3416 x475,Sat Feb 02 15:00:18 EET 1974
HOR221,Elisha,Osinski,elisha.osinski@price.org,1-192-661-0823,Sat Jun 17 14:02:48 EET 1972
OXQ3451,Johnnie,Bernier,johnnie.bernier@willms.name,531.198.5265,Mon Jan 15 23:09:28 EET 1940
LLH1795,Moses,Kirlin,moses.kirlin@vonrueden.net,474-376-0431,Thu Apr 14 12:58:32 EET 1949
RIN8208,Penelope,Becker,penelope.becker@howell.name,(517) 115-3625,Wed Sep 08 20:40:53 EEST 1993
QWA0383,Kitty,Reinger,kitty.reinger@huels.org,686-412-2632 x48176,Sun Oct 16 01:18:30 EET 1988
YSF3015,Marcus,Windler,marcus.windler@koss.co,228-248-6949 x907,Tue Jan 06 08:20:48 EET 1959
WLB2055,Garrett,Hahn,garrett.hahn@tillman.co,1-708-196-8501,Sun Jul 03 11:47:33 EET 1960
SAJ8556,Rodrick,Graham,rodrick.graham@hane.info,(443) 383-9586,Fri Jan 29 02:18:17 EET 1926
NJU2139,Ela,Howe,ela.howe@vandervort.org,(348) 928-2989 x0203,Tue Oct 09 15:28:20 EET 1962
OMC7560,Anjelica,McLaughlin,anjelica.mclaughlin@rowe.co,(928) 679-9004 x18375,Wed Mar 23 23:57:37 EET 1955
AIF335,Kerry,Jacobi,kerry.jacobi@deckow.co,1-656-528-6138,Thu Sep 04 05:46:32 EEST 2003
POR577,Delfina,Buckridge,delfina.buckridge@predovic.io,(123) 759-5257 x93868,Sun Aug 01 04:44:50 EET 1948
SWT4207,Lacey,Schmidt,lacey.schmidt@dicki.co,414.562.5026 x068,Sun Mar 09 00:03:02 EET 1958
NFK8856,Kayla,Jaskolski,kayla.jaskolski@wyman.info,(435) 276-3031 x587,Sat Aug 10 18:11:47 EET 1963
JKU7657,Chong,Weimann,chong.weimann@conn.name,008.533.8395,Wed Dec 10 22:48:58 EET 1924
QSN7649,Mitchel,Hagenes,mitchel.hagenes@sporer.com,074-225-5473 x7724,Sat May 22 00:39:43 EEST 1943
TYK149,Ozie,Langosh,ozie.langosh@beier.co,(171) 927-7503,Thu Feb 09 10:26:08 EET 1961
KBB9868,Thanh,Gusikowski,thanh.gusikowski@runolfsson.info,520.108.4684 x1599,Sun Jul 27 13:48:06 EET 1980
VST4128,Glynis,Nitzsche,glynis.nitzsche@leannon.io,1-236-358-6570 x0035,Thu Nov 23 15:44:42 EET 1961
BDM6835,Luke,Blanda,luke.blanda@reichel.org,171.796.7469 x915,Fri Mar 02 01:58:07 EET 1990
SZR788,Nilda,Farrell,nilda.farrell@hahn.io,143-748-1507,Wed Nov 15 09:38:17 EET 1978
WWA5286,Katharyn,Herzog,katharyn.herzog@cummerata.com,1-777-686-4423 x8153,Mon Dec 26 23:00:28 EET 1966
RXA8090,Bennie,Grimes,bennie.grimes@emmerich.org,300.571.4965,Tue Feb 05 05:23:21 EET 1974
WFJ602,Dante,Wuckert,dante.wuckert@casper.org,891.534.3855,Thu Aug 02 08:58:01 EET 1951
QVZ9867,Marybeth,Pacocha,marybeth.pacocha@satterfield.name,1-289-984-8011 x35943,Sun Mar 27 16:42:51 EET 1955
EUU8590,Roy,Waelchi,roy.waelchi@bartoletti.biz,733.815.1365 x5068,Fri Jul 01 06:01:53 EET 1966
MKH608,Jackson,Sauer,jackson.sauer@grady.io,634.554.2672,Fri Mar 22 10:21:34 EET 1974
JIR5917,Cami,Bode,cami.bode@boehm.com,736.626.8990 x3023,Thu Jul 27 13:43:50 EEST 1995
JKR1310,Merri,Will,merri.will@jast.org,479-695-8709 x7822,Sat Nov 13 20:09:00 EET 1937
BAJ6780,Jae,Jacobson,jae.jacobson@rowe.name,212.241.3652 x371,Tue Jun 17 23:08:55 EET 1958
RRD3387,Frankie,Koch,frankie.koch@jacobs.net,217.739.0690 x848,Sat Aug 08 23:58:18 EET 1970
JIT7441,Carlena,Steuber,carlena.steuber@mertz.biz,326.301.7324,Fri Aug 27 23:46:53 EEST 1993
SLI2979,Frankie,Klocko,frankie.klocko@rowe.com,(081) 166-0585 x756,Tue Apr 13 17:04:18 EEST 2004
HWE8138,Cornell,Ankunding,cornell.ankunding@kihn.org,1-217-396-8181,Mon Oct 21 22:16:18 EEST 1996
ZON1675,Sherri,Zemlak,sherri.zemlak@casper.com,1-621-926-0531 x6118,Thu Nov 16 10:44:16 EET 1978
AET4668,Arron,Kozey,arron.kozey@wilderman.com,1-268-251-1805 x69819,Fri Dec 21 16:51:24 EET 1956
XHP4604,Athena,Koelpin,athena.koelpin@smitham.biz,(319) 540-5169 x3657,Tue Sep 12 02:37:29 EEST 2000
PFR0676,Joel,Satterfield,joel.satterfield@padberg.co,773.263.5221,Fri Mar 28 13:47:30 EEST 1941
DQU9221,Jeneva,Altenwerth,jeneva.altenwerth@monahan.name,1-529-667-2608 x2502,Sat Oct 22 01:29:01 EET 1927
PNQ911,Judson,Murazik,judson.murazik@rodriguez.net,1-429-453-8881,Tue Jan 10 17:49:26 EET 1928
QNH2077,Kent,Harber,kent.harber@ward.net,(955) 605-9469 x330,Wed Jun 17 23:40:38 EET 1953
IFW2433,Catherina,Harris,catherina.harris@parisian.name,1-008-594-2415,Sun Aug 18 09:13:06 EEST 1940
DTZ872,Kiyoko,Heathcote,kiyoko.heathcote@haley.info,777-448-2141,Mon Jul 12 08:43:40 EET 1965
OUG8816,Karrie,Gutkowski,karrie.gutkowski@donnelly.co,124.704.1014 x41689,Fri Nov 04 22:26:16 EET 1938
PAK8280,Talia,DuBuque,talia.dubuque@kirlin.co,1-118-183-6584 x11586,Mon Feb 07 16:11:43 EET 1944
JUL4982,Stanton,Pfannerstill,stanton.pfannerstill@padberg.co,725.559.3814 x490,Mon Apr 21 13:42:32 EEST 2003
FZF606,Gwenn,Satterfield,gwenn.satterfield@ankunding.biz,(456) 423-3341,Thu Jun 26 17:49:31 EET 1947
SUF331,Eliseo,Walker,eliseo.walker@feest.org,834-338-9760,Thu Feb 27 13:28:40 EET 1986
JXI8328,Lorrine,Turner,lorrine.turner@morar.co,934-154-5666 x5715,Thu May 08 17:57:41 EEST 1986
KII365,Jaqueline,Cartwright,jaqueline.cartwright@ondricka.io,(930) 507-8673,Fri Feb 20 23:07:25 EET 1953
QKQ942,Jacob,Treutel,jacob.treutel@schinner.info,1-766-296-0516 x830,Tue Mar 01 01:02:14 EET 1994
XYL581,Ernie,Carter,ernie.carter@johnson.co,(616) 287-5448 x67485,Thu Oct 03 05:06:02 EET 1985
QTA0716,Marta,Borer,marta.borer@ortiz.io,164-529-6297 x18631,Mon Aug 02 08:52:58 EET 1976
YCG7633,Tommie,Renner,tommie.renner@bartell.io,697-226-5765 x433,Fri Sep 18 16:07:56 EEST 1998
RKJ6532,Darrel,Barton,darrel.barton@bernhard.io,473.805.3202,Sat Jun 10 00:55:12 EEST 1989
NTX923,Todd,Mosciski,todd.mosciski@waelchi.info,(014) 690-7378 x5921,Sun Dec 10 08:30:27 EET 2000
PZS8230,Ann,Padberg,ann.padberg@feeney.co,1-446-941-9969,Thu Mar 15 02:09:56 EET 1962
NNS630,Randall,Johns,randall.johns@harber.biz,941-734-1748,Wed Feb 15 11:25:53 EET 1939
NNB8455,Allison,Dibbert,allison.dibbert@tillman.io,264.015.7523 x7057,Mon Jun 22 01:34:17 EET 1931
PVF358,Theron,Mueller,theron.mueller@crona.info,1-665-723-8054 x18629,Thu May 15 09:06:55 EET 1952
VXL9329,Caprice,Spinka,caprice.spinka@halvorson.org,680-171-0633 x88560,Sat Nov 11 07:13:16 EET 1950
FCR093,Mervin,Christiansen,mervin.christiansen@bashirian.info,1-435-631-9309 x43975,Sun Jun 10 17:39:01 EEST 1934
ULY5870,Sherice,Durgan,sherice.durgan@koelpin.net,(397) 162-9631 x44471,Wed Jun 21 04:35:48 EET 1978
FPF7996,Clair,Powlowski,clair.powlowski@rempel.org,736-756-2302 x9133,Tue Oct 09 19:05:21 EET 1945
QYW039,Lizeth,Sanford,lizeth.sanford@schiller.co,873-828-1086 x24981,Tue Aug 12 15:18:56 EET 1952
JIR8861,Loyce,Upton,loyce.upton@reynolds.info,(218) 449-7208,Fri Mar 02 15:00:23 EET 1951
SMR2802,Monika,O'Reilly,monika.o'reilly@wuckert.info,1-796-625-0144 x831,Sat Aug 13 19:52:18 EET 1927
BIF3055,Jerold,Cummings,jerold.cummings@bins.info,(660) 917-5737 x752,Sun Mar 16 00:20:31 EET 1930
PLH8599,Dawne,Hills,dawne.hills@klocko.co,1-197-426-9516 x0799,Mon May 14 08:22:53 EET 1956
UDQ555,Dorian,Jakubowski,dorian.jakubowski@collier.name,1-148-359-6204 x0936,Thu Jun 24 06:45:24 EEST 2004
LNQ9163,Guillermina,Shanahan,guillermina.shanahan@champlin.name,561.819.0469,Sun Sep 22 10:23:37 EEST 2002
JHZ559,Marybelle,Yundt,marybelle.yundt@lemke.info,330-945-3634 x885,Wed Dec 28 15:31:16 EET 1977
RSR7452,Verlene,Nitzsche,verlene.nitzsche@harber.co,242-154-2681 x83058,Mon Nov 22 22:31:37 EET 1954
RXF4011,Tifany,Satterfield,tifany.satterfield@wisoky.org,889.655.7365,Tue Sep 11 13:57:04 EET 1951
LUB2343,Kamala,Armstrong,kamala.armstrong@beatty.com,473.976.9248,Sat May 14 17:02:34 EEST 1938
VPJ6093,Gay,Gaylord,gay.gaylord@bins.io,1-562-620-3159 x15444,Mon Jun 06 16:01:34 EEST 1938
GOF2426,Olen,Boehm,olen.boehm@langworth.net,744-095-1043,Sat Mar 25 21:09:59 EET 1989
YJG0608,Ike,Bradtke,ike.bradtke@brekke.org,1-877-619-5795 x8601,Fri Feb 24 06:03:11 EET 1967
EFA998,Jamison,Krajcik,jamison.krajcik@anderson.org,(443) 638-2130 x340,Mon May 31 18:32:06 EEST 1993
DGH8602,Yulanda,Koss,yulanda.koss@cummings.co,(861) 141-9107 x9773,Thu Apr 10 19:19:03 EEST 1986
OOZ2876,Phylicia,Reilly,phylicia.reilly@schimmel.co,568.316.5638,Fri Aug 10 13:03:01 EEST 2001
PUM3425,Despina,Hudson,despina.hudson@price.co,005-825-3157 x3666,Wed Jul 19 17:54:27 EEST 1933
SAG4913,Nicholle,Bogisich,nicholle.bogisich@kuhic.io,1-068-931-8022,Mon Jun 14 18:07:47 EET 1971
WDL583,Dwayne,Durgan,dwayne.durgan@wilkinson.info,873.270.5998 x990,Wed Apr 08 07:52:03 EEST 1987
VUV3843,Elmer,Lowe,elmer.lowe@vonrueden.net,(262) 808-2668 x97926,Sun Mar 02 02:10:47 EET 1986
UIV2968,Jae,Mitchell,jae.mitchell@roob.info,(228) 337-1752,Tue Sep 07 00:58:23 EEST 1982
ZSF3582,Wilford,Nolan,wilford.nolan@rempel.net,(597) 926-6971 x62638,Wed Jan 21 14:17:25 EET 1970
SZF8962,Sherell,Donnelly,sherell.donnelly@romaguera.name,525-124-1803 x212,Tue Jan 11 05:36:44 EET 1938
IKT630,Errol,Goyette,errol.goyette@conn.net,(060) 853-0973 x08004,Tue Dec 08 19:10:08 EET 1998
BHK2690,Jules,Pouros,jules.pouros@berge.co,1-894-514-9977,Fri Nov 18 22:29:33 EET 1994
VGX7223,Donte,Gorczany,donte.gorczany@hermiston.info,1-688-632-1462,Mon Jul 20 19:50:42 EEST 1992
PQM5057,Elidia,McGlynn,elidia.mcglynn@feil.net,294-264-2571 x15448,Tue Aug 15 03:06:08 EEST 1933
WRX0413,Kay,Hartmann,kay.hartmann@veum.io,138.892.8208 x0922,Thu Dec 20 18:35:07 EET 1984
DNB9818,Lucius,Graham,lucius.graham@hodkiewicz.com,972.023.2171,Sun May 11 19:43:41 EET 1969
LOE3669,Mellie,Moen,mellie.moen@hammes.name,231-690-9956 x0445,Tue Dec 08 13:50:05 EET 1931
DOP0032,Frieda,Cummings,frieda.cummings@dubuque.co,927.322.4714,Mon Sep 12 10:39:11 EEST 2005
DKK5991,Destiny,Kulas,destiny.kulas@boehm.biz,1-886-698-5896,Fri Dec 16 23:46:05 EET 1949
BAC363,Winford,Bernhard,winford.bernhard@kertzmann.biz,(904) 486-9434 x9561,Wed Jan 08 04:33:02 EET 1992
BOZ1071,Retha,Ondricka,retha.ondricka@kling.com,1-474-319-6470,Fri Jun 24 11:51:03 EEST 1932
SKP4944,Rosann,Heathcote,rosann.heathcote@johnston.org,1-402-002-7605,Sat Aug 19 18:38:13 EET 1978
SEF8983,Bill,Hessel,bill.hessel@morar.name,063-685-0352,Sat Nov 12 00:49:16 EET 1955
NRT6694,Mark,Bartoletti,mark.bartoletti@fisher.io,1-494-085-2318 x149,Mon May 13 03:30:28 EET 1929
NDV375,Vicente,Moen,vicente.moen@schoen.io,764-057-5389,Tue Jun 09 10:28:51 EET 1925
RJV3525,Nelle,Hartmann,nelle.hartmann@grimes.info,317-686-2221,Sat Feb 08 10:12:51 EET 1992
CVX8022,Susann,Volkman,susann.volkman@waelchi.co,(729) 837-5403 x7604,Fri Aug 01 03:48:44 EET 1958
NQM9779,Scarlet,Cummerata,scarlet.cummerata@hoppe.info,301.623.7059 x3581,Sun Oct 03 07:22:13 EET 1993
BRK8439,Trista,Rogahn,trista.rogahn@strosin.info,026.409.1547 x748,Thu Dec 06 08:43:17 EET 1990
DTC7165,Bernardo,Langworth,bernardo.langworth@grady.info,488-309-2513 x52155,Sat Feb 06 17:23:19 EET 1993
HQS939,Syreeta,Grant,syreeta.grant@goldner.net,(404) 679-0062 x7787,Wed Nov 26 17:16:51 EET 1986
CSU2754,Shanon,Sporer,shanon.sporer@friesen.com,1-566-403-5389 x93957,Mon Oct 26 00:18:21 EET 1992
CPZ0662,Mohamed,Becker,mohamed.becker@durgan.com,1-671-913-4564 x00868,Sun Nov 08 14:57:21 EET 1992
UUV2668,Royce,Homenick,royce.homenick@welch.info,(839) 021-0350 x822,Sun Mar 24 00:28:28 EET 1974
MTT6754,Ann,Stroman,ann.stroman@volkman.info,843.890.8603 x049,Sun Feb 03 13:46:53 EET 1929
UCM0221,Shanna,Mraz,shanna.mraz@spinka.co,1-984-927-4585,Wed Apr 23 12:54:18 EEST 1997
IHM817,Cole,Schultz,cole.schultz@torphy.io,(884) 829-4729,Fri Aug 11 15:09:46 EET 1978
XMC291,Josef,Price,josef.price@gerlach.co,655.260.9129,Thu Dec 10 14:02:20 EET 1981
HUM3593,Isaura,Zboncak,isaura.zboncak@weimann.com,1-906-856-2423,Mon Sep 29 05:35:08 EEST 2003
EEX5227,Honey,Quitzon,honey.quitzon@shields.biz,(934) 460-8071,Fri Oct 16 04:07:13 EET 1959
MTU3796,Kylie,Lindgren,kylie.lindgren@skiles.com,656-276-6224,Thu Jun 03 20:19:20 EET 1971
ILC3290,Patsy,Swift,patsy.swift@marvin.co,589.908.7429 x3311,Fri Apr 04 19:30:08 EET 1947
WZD5316,Jina,Lueilwitz,jina.lueilwitz@gerlach.co,(081) 734-8784 x48230,Thu Jul 29 17:46:48 EET 1965
WVR6658,Hans,Heller,hans.heller@schuster.name,175-216-7218 x48550,Sun Feb 27 01:02:16 EET 1938
OHE6042,Michal,Hamill,michal.hamill@wiza.name,1-594-165-6491,Thu Dec 30 05:38:50 EET 1982
VLO6012,Rory,Huel,rory.huel@mayert.co,747.699.9090,Tue Jul 09 22:15:52 EEST 1991
BLD573,Sterling,Feest,sterling.feest@turner.info,(737) 194-3585 x6600,Wed Jul 08 14:36:33 EEST 1936
REU645,Yuk,Collier,yuk.collier@hessel.com,(627) 990-8022,Sat Oct 30 14:01:42 EET 1943
HSW139,Arnold,Shields,arnold.shields@marquardt.info,867.545.1360,Tue Nov 25 16:50:46 EET 1947
XAF1838,Carolyn,Little,carolyn.little@dietrich.io,1-906-844-7582 x5136,Tue Jul 30 00:13:20 EET 1929
BPV7921,Aaron,Lubowitz,aaron.lubowitz@oreilly.com,(269) 839-6723 x26642,Wed May 27 07:32:07 EEST 1992
VEG597,Quintin,O'Kon,quintin.o'kon@pfannerstill.org,(689) 240-7358,Sat Jun 22 15:14:01 EEST 1991
QKN5128,Tomi,Hansen,tomi.hansen@stark.com,(487) 850-4689 x08668,Sun Dec 28 01:38:21 EET 1958
ZGC706,Juanita,Koepp,juanita.koepp@greenfelder.io,915.346.4655,Tue Nov 01 16:08:10 EET 1938
URI851,Charlyn,Olson,charlyn.olson@dare.io,(214) 604-5103 x06609,Sun Aug 11 21:29:48 EET 1929
ICZ1623,Chieko,Hagenes,chieko.hagenes@blanda.com,(721) 779-8822 x376,Mon Feb 27 19:43:01 EET 1995
YGO7264,Jo,Wolff,jo.wolff@lakin.com,1-889-288-7556 x10909,Sat Jun 22 05:37:48 EEST 1991
IBN1457,Belen,Welch,belen.welch@roberts.net,360.390.3809 x728,Tue Apr 02 12:42:56 EET 1968
OVJ9064,Marisol,Treutel,marisol.treutel@kub.co,134.777.4478 x3769,Sun Oct 22 23:29:20 EET 1995
ZQC325,Kandra,Feeney,kandra.feeney@adams.biz,(560) 212-0106 x507,Sat Mar 13 21:06:33 EET 1993
SAU500,Dominque,Muller,dominque.muller@lynch.co,060.555.7849,Sat Apr 11 20:51:47 EEST 1998
QHR4829,Donnie,Huels,donnie.huels@blick.co,937.127.9529,Wed Aug 01 18:49:09 EEST 1990
UPA0394,Isabelle,Gusikowski,isabelle.gusikowski@durgan.io,529-422-7489,Sun Oct 02 13:25:26 EET 1966
GHA6318,Lorenzo,Bechtelar,lorenzo.bechtelar@blick.co,1-903-710-7515,Sun Apr 12 06:53:17 EET 1964
MYS367,Desmond,McDermott,desmond.mcdermott@feest.info,1-062-959-6122 x7357,Tue Aug 07 15:22:12 EET 1962
FND794,Brandi,Rath,brandi.rath@flatley.com,(326) 554-5538 x638,Wed Sep 24 10:38:15 EEST 1941
VEI1408,Freida,Kirlin,freida.kirlin@pagac.net,(302) 983-3896 x753,Fri Sep 03 08:00:35 EET 1926
UAW2239,Bryce,Emard,bryce.emard@hahn.co,367.563.8664 x10441,Sat Dec 22 23:55:20 EET 1962
HPE1188,Bethel,Jacobi,bethel.jacobi@borer.name,968-144-4943 x0862,Mon Jul 13 08:38:14 EEST 1992
ICK632,Karl,Harvey,karl.harvey@weissnat.biz,(484) 724-1439 x383,Sun Oct 22 17:10:14 EET 1944
BXC5218,Gaylord,Marvin,gaylord.marvin@schinner.org,367.046.9873,Thu Dec 24 15:04:22 EET 1992
IYQ360,Coretta,Blanda,coretta.blanda@mayer.name,1-777-024-4781 x09137,Thu Jan 08 00:28:05 EET 1931
VNU7556,Annabelle,Hackett,annabelle.hackett@barton.name,476.182.4614,Wed Nov 05 17:41:23 EET 1947
CJE6535,Miles,Ebert,miles.ebert@dietrich.org,054-960-0373 x3656,Wed Aug 20 19:10:40 EET 1980
KIP7448,Cleora,Langworth,cleora.langworth@hirthe.biz,154.867.2780 x5791,Sat May 14 12:36:41 EET 1949
TAP0827,Cecil,Homenick,cecil.homenick@bergnaum.net,135.922.6666,Fri Feb 12 11:57:52 EET 1932
WIZ6390,Curt,Schiller,curt.schiller@mante.io,564.476.7837,Mon Feb 14 16:05:52 EET 2000
ATU328,Sarah,Kirlin,sarah.kirlin@murray.name,401.244.5453,Thu Mar 31 02:40:03 EET 1977
MLP461,Rosendo,Rogahn,rosendo.rogahn@monahan.org,(513) 714-2818 x852,Sun Dec 13 02:26:45 EET 1987
UIH1162,Jimmy,Daugherty,jimmy.daugherty@schimmel.name,989-613-4902 x17388,Fri Mar 30 15:48:55 EET 1962
QDT3689,Jules,Friesen,jules.friesen@carroll.com,446.629.8669,Thu Sep 22 11:31:06 EEST 2005
AGW7468,Sabrina,Kris,sabrina.kris@kunze.com,142-224-0468,Sat May 17 22:58:18 EET 1947
EEG8339,Anne,Monahan,anne.monahan@borer.net,327.667.0116,Sat Dec 18 18:21:57 EET 1926
AHJ4970,Gracia,Wunsch,gracia.wunsch@ankunding.co,658.633.4762 x98356,Fri Aug 10 21:10:52 EET 1928
WYT830,Katharina,Sanford,katharina.sanford@spencer.co,1-978-851-8607,Thu Sep 23 16:40:43 EEST 2004
DFP2485,Quincy,Parker,quincy.parker@brekke.name,1-272-430-6837 x256,Sun Aug 30 04:21:47 EEST 1992
XQM6174,Napoleon,Gaylord,napoleon.gaylord@kulas.io,657.266.8792 x289,Sat Oct 02 08:32:59 EET 1948
BPX1369,King,Powlowski,king.powlowski@jenkins.org,638.334.9100,Tue Sep 27 03:58:56 EET 1960
XLW6490,Carolina,O'Conner,carolina.o'conner@mills.com,(739) 663-9099 x471,Sun Jan 27 12:15:33 EET 1985
FEJ830,Michaela,Steuber,michaela.steuber@shields.biz,533-570-2299,Tue Oct 22 05:23:10 EEST 1996
SCZ3486,Selma,Pacocha,selma.pacocha@trantow.net,1-848-886-4927 x1221,Wed Aug 21 04:37:42 EEST 1985
RGB8378,Winter,Cremin,winter.cremin@okon.org,1-227-031-7402,Sat Jul 20 08:45:59 EET 1974
SAJ4769,Vonnie,Cormier,vonnie.cormier@lockman.biz,166-939-3957 x89960,Wed May 06 02:38:40 EET 1970
SAG3298,Margaret,Botsford,margaret.botsford@friesen.info,832.224.5544 x5438,Wed May 11 16:24:36 EEST 1988
BBO604,Michale,Lockman,michale.lockman@jones.co,657.304.0435 x418,Tue Jun 14 09:50:26 EEST 1988
ZJH9324,Enda,Altenwerth,enda.altenwerth@huels.biz,(709) 036-3573 x9487,Mon Aug 14 23:13:52 EEST 1939
UZQ1114,Valda,Spencer,valda.spencer@koepp.name,001.200.6635 x0389,Sat Nov 24 22:57:31 EET 1945
LBC800,Saran,Berge,saran.berge@quitzon.com,950-728-5670,Tue Sep 20 21:58:17 EEST 1994
AIO4024,Mary,Brekke,mary.brekke@johnson.io,858-252-9619,Tue Mar 18 04:36:03 EET 1947
RKT6320,Ghislaine,Russel,ghislaine.russel@kerluke.org,(063) 435-4381 x80594,Sat Aug 18 13:44:57 EET 1945
ROZ050,Ashlea,Monahan,ashlea.monahan@hoppe.name,742.875.9265,Sun Jan 13 22:06:22 EET 1952
PJW9846,Clyde,Herman,clyde.herman@johns.net,1-517-166-2375,Sun Aug 25 15:56:35 EEST 1991
LCZ1475,Sidney,Volkman,sidney.volkman@cruickshank.io,408.472.5429 x0283,Wed Apr 15 10:30:19 EET 1925
RXP4118,Gladys,Hirthe,gladys.hirthe@conroy.biz,1-949-435-3122,Mon Aug 10 22:20:32 EET 1959
MKE1574,Iluminada,Purdy,iluminada.purdy@jacobi.io,219.648.2126 x477,Fri Dec 16 05:24:11 EET 1949
AUU0308,Barney,Boyle,barney.boyle@frami.name,1-265-926-0712 x01691,Tue Aug 02 01:09:53 EET 1966
ABJ5644,Ike,Reichel,ike.reichel@predovic.name,1-454-123-3472 x5947,Tue May 19 00:31:20 EET 1931
CGQ431,Rayford,Lesch,rayford.lesch@little.info,1-077-587-4045,Thu Jan 05 21:44:28 EET 1984
YMZ9052,Major,Rau,major.rau@walker.io,748-099-8082 x0053,Wed May 11 23:17:00 EET 1977
VIQ5927,Garnet,Nicolas,garnet.nicolas@nader.name,(526) 378-2289 x2238,Sat Jan 30 08:12:25 EET 1932
JWJ1446,Domingo,Barrows,domingo.barrows@reichel.net,831.969.4853 x3676,Sun Jun 13 00:49:38 EEST 2004
VXU5743,Yee,Frami,yee.frami@renner.info,321-765-2868,Wed Jan 20 17:21:49 EET 1988
OEV418,Linnea,Frami,linnea.frami@von.org,823.985.1725 x96562,Fri Oct 09 17:52:07 EET 1981
MWU957,Clark,Cronin,clark.cronin@blanda.io,1-311-425-7253 x563,Fri May 19 13:58:29 EET 1972
LMT3647,Jerrell,Wolff,jerrell.wolff@torp.org,187.684.3827 x49717,Mon Dec 14 08:48:28 EET 1992
MOH454,Roselle,Bernier,roselle.bernier@harvey.biz,241.169.4771,Thu Feb 22 11:02:33 EET 2001
BTB1809,Marin,Rodriguez,marin.rodriguez@lemke.info,1-981-484-3841 x5725,Sun Aug 18 16:33:45 EEST 1991
ARG5006,Beverly,Erdman,beverly.erdman@nader.name,(661) 273-1208,Mon Jan 28 07:34:32 EET 1957
ZUG8126,Dylan,Balistreri,dylan.balistreri@bode.co,693.547.4381 x852,Thu Jan 29 11:56:21 EET 1953
PTW134,Jesse,Lakin,jesse.lakin@walsh.net,1-316-451-1075,Wed Dec 22 09:41:40 EET 1976
JYN3585,Willette,Ruecker,willette.ruecker@hammes.name,722.558.2817 x70876,Thu Feb 04 23:22:53 EET 1982
NOD9580,Alexis,Lockman,alexis.lockman@collier.io,1-925-357-7639 x9978,Sun Dec 14 03:56:47 EET 2003
XGU259,Jarod,Macejkovic,jarod.macejkovic@crona.net,1-433-939-8268 x57743,Thu Sep 24 20:04:02 EET 1931
WIT6288,Carmine,Farrell,carmine.farrell@schmitt.info,1-500-499-5049,Thu Feb 17 23:55:54 EET 1955
ZRU018,Lee,Reinger,lee.reinger@sipes.net,(897) 770-8192 x48352,Thu May 14 06:30:09 EET 1931
TRA6929,Odis,Lehner,odis.lehner@hilpert.name,128-197-0763,Sat Apr 27 01:10:00 EEST 2002
LSW5573,Eliseo,Doyle,eliseo.doyle@rodriguez.com,1-834-356-3033 x913,Sun Jun 10 22:52:59 EEST 1934
RHV6726,Kelley,Rowe,kelley.rowe@hand.org,845.712.8167 x0270,Thu May 25 22:26:46 EET 1961
VIA1614,Lorena,Gibson,lorena.gibson@barton.com,1-285-689-5111 x5855,Sat Jun 20 11:36:07 EET 1959
MLU8253,Jefferson,Schaden,jefferson.schaden@goyette.info,1-806-961-2878 x90768,Fri Jan 08 21:20:26 EET 1943
GOP7953,Palma,Conroy,palma.conroy@oreilly.net,(193) 581-8307 x7454,Tue Aug 20 20:48:56 EEST 1996
VHP1965,Eloisa,Effertz,eloisa.effertz@king.co,693-584-7704 x713,Sat Dec 19 15:21:57 EET 1953
FAR8366,Keri,Brown,keri.brown@bechtelar.io,727.413.9934,Wed Sep 28 13:22:05 EET 1966
RHX7767,Galen,Weissnat,galen.weissnat@mclaughlin.io,610.763.4900 x3906,Tue Oct 31 01:07:26 EET 1939
UPF595,Melany,Dickens,melany.dickens@thompson.net,(502) 062-8822,Wed Sep 02 09:35:34 EET 1964
GID8847,Audrie,Jacobi,audrie.jacobi@effertz.net,801.963.8677 x1984,Sat Feb 08 16:19:44 EET 1958
AXD141,Melvin,Lindgren,melvin.lindgren@mccullough.org,046-790-1577 x028,Tue Nov 12 01:15:21 EET 1963
RTR3720,Renaldo,Wintheiser,renaldo.wintheiser@schuppe.net,305.417.2584,Fri Nov 16 20:36:07 EET 1951
NVF7571,Neely,Rempel,neely.rempel@pfeffer.com,598.720.7081 x27541,Tue Mar 15 12:02:08 EET 1983
KII600,Cesar,McClure,cesar.mcclure@walter.co,(680) 826-6668 x913,Tue May 04 20:03:18 EET 1965
YPT603,Marcelino,Roob,marcelino.roob@collier.io,716-903-4354 x6006,Thu Jul 17 01:18:47 EET 1947
WQY9936,Velia,Christiansen,velia.christiansen@bartell.com,(542) 824-6344 x4390,Mon Jul 09 09:39:33 EET 1945
PBE4657,Dick,Hayes,dick.hayes@price.net,1-002-925-0981,Tue Jan 02 11:36:04 EET 1996
ADK8840,Josef,Crooks,josef.crooks@bahringer.co,557-393-8632 x9928,Tue Apr 21 21:28:08 EEST 1942
CKV1324,Daniella,Osinski,daniella.osinski@price.org,1-018-369-9288 x2015,Sat Feb 27 14:11:34 EET 1993
KAZ9307,Boyce,Schamberger,boyce.schamberger@welch.com,873-131-5961,Mon Aug 08 16:52:05 EET 1977
TOZ0834,Dee,Stoltenberg,dee.stoltenberg@keebler.biz,806.972.1904 x45844,Fri Feb 24 03:14:24 EET 1984
QUK040,Mikaela,Dietrich,mikaela.dietrich@pacocha.co,(805) 784-2801,Sun Mar 10 11:11:47 EET 1985
PST5809,Hank,Kuhlman,hank.kuhlman@keebler.org,(375) 464-5035,Thu Jan 17 12:20:16 EET 1935
TPW2482,Joaquin,Simonis,joaquin.simonis@ebert.com,309.333.6490 x976,Sun Jul 08 18:07:34 EEST 1984
OOT4221,Julio,Morissette,julio.morissette@stokes.info,377.363.2121,Tue May 01 02:17:21 EEST 1934
KNW3810,Wendell,O'Kon,wendell.o'kon@jerde.io,1-441-577-8825 x45188,Tue Nov 23 17:49:50 EET 1971
RPF8916,Brain,Mante,brain.mante@ward.org,513.466.4014 x328,Mon Aug 12 20:34:02 EEST 2002
WDJ2978,Lionel,Zboncak,lionel.zboncak@watsica.io,1-831-406-0871 x2094,Wed May 10 03:32:13 EEST 1944
ORQ797,Lee,Larkin,lee.larkin@zulauf.com,(378) 059-6645 x933,Sun Apr 09 19:12:26 EEST 2006
GDT1639,Dalila,Kiehn,dalila.kiehn@fadel.org,799-731-6270 x612,Wed Apr 24 17:36:45 EEST 1991
JUR9848,Farrah,Fisher,farrah.fisher@torp.info,1-504-381-8051 x1626,Wed May 04 00:01:43 EET 1977
NGP428,Gigi,Gorczany,gigi.gorczany@connelly.co,777-215-3328,Tue Apr 30 13:35:10 EEST 2002
WYM455,Simon,King,simon.king@abshire.io,507.924.4528,Sun Jul 05 17:20:55 EET 1959
PBU9267,Kimberli,Baumbach,kimberli.baumbach@fadel.biz,764-113-5650 x5123,Fri Nov 26 05:29:46 EET 1971
PRZ1002,Jake,Von,jake.von@zieme.name,(049) 288-6202 x99080,Sun Nov 01 05:55:36 EET 1953
TTN416,Jospeh,Predovic,jospeh.predovic@hettinger.co,188.305.9023 x50642,Wed Sep 28 21:11:39 EEST 1932
JAS0176,Priscila,Wehner,priscila.wehner@walker.org,(702) 912-7293,Fri Apr 13 20:05:45 EET 1951
DUJ627,Jason,Senger,jason.senger@bartoletti.co,379-532-9059,Sat Mar 23 23:52:46 EET 1991
IIV440,Rosalind,Ritchie,rosalind.ritchie@kohler.com,(627) 420-8144 x583,Fri Jun 28 20:24:22 EEST 1996
WRY979,Kasey,Nicolas,kasey.nicolas@grimes.io,(631) 963-2232,Sun Feb 08 22:50:02 EET 1959
HSA4108,Malika,Braun,malika.braun@heaney.org,(592) 757-4919 x704,Sun Jun 12 01:05:42 EEST 1983
APO161,Neda,Hilpert,neda.hilpert@wiza.name,1-424-236-6729 x3853,Sun Nov 06 06:31:36 EET 1949
OGR490,Jordon,Gleichner,jordon.gleichner@paucek.info,(221) 434-8047,Thu Dec 16 06:37:07 EET 1982
GCA922,Myles,Rodriguez,myles.rodriguez@grimes.info,667.118.1944 x795,Sun Feb 24 16:01:22 EET 1991
ELH7118,Timmy,Kassulke,timmy.kassulke@mohr.org,(359) 339-5780 x5231,Fri Jul 13 02:30:18 EET 1951
ZSB508,Normand,Gleichner,normand.gleichner@greenholt.info,(747) 787-5863,Tue Oct 07 18:26:16 EET 1975
GTB592,Krystina,Metz,krystina.metz@mitchell.net,(580) 914-8245,Mon Jan 22 14:56:07 EET 1934
VRT1552,Jonie,Schuppe,jonie.schuppe@ritchie.net,(638) 761-6685,Thu Mar 25 03:08:57 EET 2004
IBM711,Sanford,Gusikowski,sanford.gusikowski@cremin.com,(926) 464-0260,Thu Feb 10 05:56:14 EET 1944
GIL5742,Delfina,Runte,delfina.runte@dare.biz,(543) 977-7714 x34181,Mon Feb 24 17:22:24 EET 1958
DCS8005,Tyra,Zieme,tyra.zieme@rippin.co,195.271.0079 x96344,Sun Apr 22 05:45:41 EEST 1934
MXA7325,Noma,Morissette,noma.morissette@altenwerth.org,1-912-470-7895 x94735,Sun Aug 09 00:58:14 EEST 1942
HAZ8626,Johnna,Mills,johnna.mills@ankunding.biz,882-912-3483,Tue Jun 30 04:00:02 EEST 1992
VUG442,Lena,Franecki,lena.franecki@marks.name,451.669.1901 x76119,Mon Nov 24 20:27:43 EET 1952
EQY866,Ora,King,ora.king@oconnell.org,1-439-296-6647 x45333,Thu Sep 23 08:51:45 EEST 1937
OBH189,Vaughn,Schneider,vaughn.schneider@mckenzie.biz,(958) 326-6146 x30257,Fri Apr 14 08:44:50 EET 1967
RGF7457,Valeri,Mante,valeri.mante@schuppe.net,1-351-026-6869,Fri Nov 26 15:04:40 EET 1954
TGT4196,Karyl,Buckridge,karyl.buckridge@champlin.info,1-403-320-8503 x15577,Sat Dec 25 12:41:22 EET 1937
LEH216,Cristi,Spencer,cristi.spencer@ziemann.com,943-874-8236 x8734,Thu Aug 26 09:57:56 EET 1954
TAR7120,Therese,Breitenberg,therese.breitenberg@prosacco.net,941-669-5597,Sun Jun 05 07:16:22 EEST 1994
ZZO0453,Pete,Nader,pete.nader@mckenzie.net,568-155-7442,Thu Jul 21 17:30:51 EET 1927
HWK3706,Tatum,Hammes,tatum.hammes@schaefer.biz,(903) 419-0129 x524,Tue Dec 24 06:06:49 EET 1946
WPY0457,Ivory,Donnelly,ivory.donnelly@gerlach.biz,015-138-8649,Tue Aug 26 11:58:58 EET 1958
NWY777,Errol,Crooks,errol.crooks@cruickshank.name,083-466-9665 x0282,Sun Jun 04 15:33:19 EEST 1933
IVY779,Twana,Lang,twana.lang@raynor.net,1-487-997-1648,Tue Aug 23 12:25:52 EEST 2005
TAF096,Franklin,McClure,franklin.mcclure@satterfield.net,533-230-1761 x57096,Thu Jan 08 22:40:16 EET 1953
NXX4003,Mozella,Hayes,mozella.hayes@damore.com,897.476.1136 x85538,Sat Nov 04 04:42:17 EET 1978
VDB5109,Tim,Muller,tim.muller@bogisich.biz,206.515.2055 x63110,Tue Jan 11 11:10:26 EET 1994
YLY8476,Esta,Herzog,esta.herzog@wiegand.name,(357) 581-7636,Wed Oct 01 00:25:12 EEST 1997
FBX846,Ed,Goodwin,ed.goodwin@windler.biz,(540) 721-7282 x79874,Fri Dec 15 08:42:54 EET 1950
NVB6189,Ron,Doyle,ron.doyle@boehm.co,051-911-5512 x087,Thu Oct 11 23:09:50 EET 1979
UXO989,Mathew,Wuckert,mathew.wuckert@reichert.io,459-065-1628,Sat Jan 10 06:12:43 EET 1959
JMO5436,Cyrstal,Fritsch,cyrstal.fritsch@schulist.info,(713) 091-3929,Mon Nov 10 08:30:59 EET 1930
STU1924,Benito,Rice,benito.rice@skiles.info,(311) 509-2821,Wed Jul 16 00:08:01 EET 1969
BLF954,Elayne,Stehr,elayne.stehr@fadel.io,(660) 235-8533 x04175,Fri Jan 09 14:43:57 EET 1948
FEE055,Jacalyn,Morissette,jacalyn.morissette@halvorson.net,1-651-891-8435,Sun May 27 03:18:45 EET 1956
CJS093,Micah,Stroman,micah.stroman@bogisich.co,146.380.5185,Sat Aug 18 16:02:16 EET 1951
EAP659,Jerilyn,Senger,jerilyn.senger@schowalter.name,(990) 202-3531 x11980,Sun Oct 31 04:04:15 EET 1954
BYV5262,Jamal,Ferry,jamal.ferry@goldner.info,477-002-8351 x65015,Sun Jul 17 11:37:41 EEST 1938
PWD695,Hilda,Stiedemann,hilda.stiedemann@towne.biz,1-181-972-1284,Sun Oct 25 01:45:29 EET 1964
SXM7576,Broderick,Gutkowski,broderick.gutkowski@hills.co,572.204.8095 x30372,Sat Mar 30 00:10:30 EET 1957
GHX9713,Renay,Morar,renay.morar@boehm.info,(536) 522-7560,Fri Jun 08 02:05:38 EEST 1990
BRO593,Cherise,Schowalter,cherise.schowalter@anderson.biz,221.264.2192 x7136,Tue Apr 15 21:03:38 EEST 2003
NTW7398,Bree,Toy,bree.toy@boyer.io,424-243-3901,Fri Jan 18 11:09:11 EET 2002
CSO7821,Sal,Berge,sal.berge@bednar.biz,1-993-047-1819 x772,Sat May 22 04:20:50 EET 1954
ZHQ5765,Don,Kling,don.kling@yundt.biz,459.394.6875 x43562,Sun Feb 19 16:23:54 EET 2006
KFD0483,Carl,Will,carl.will@beer.biz,1-516-002-7760,Thu Jun 17 21:12:07 EET 1965
LVL6183,Winston,Schinner,winston.schinner@romaguera.org,1-460-682-3974,Mon Aug 13 22:20:57 EEST 1990
OZU609,Theo,Konopelski,theo.konopelski@muller.info,481-130-4314,Sat Jul 02 05:51:26 EEST 1983
HNS5904,Marty,Bartell,marty.bartell@erdman.org,534.400.4537,Wed Sep 07 07:47:38 EET 1949
HJE9244,Rod,Schmitt,rod.schmitt@wolf.name,751-118-4480,Sat Jan 23 15:00:34 EET 1999
ADQ4192,Jaqueline,Hodkiewicz,jaqueline.hodkiewicz@nienow.org,1-933-560-5115 x652,Sun Dec 12 04:20:03 EET 1982
WDV7937,Earlean,Hintz,earlean.hintz@kassulke.biz,1-982-883-9790 x35120,Wed Jan 09 04:59:55 EET 1952
BHY463,Kerry,Marvin,kerry.marvin@metz.net,530-306-4595,Mon Oct 24 03:17:08 EET 1983
TFS450,Kraig,VonRueden,kraig.vonrueden@kozey.name,1-822-434-9274,Sat Dec 12 18:29:42 EET 1987
HVH0021,Miyoko,Stamm,miyoko.stamm@gleason.biz,444.544.9595 x004,Sat Jun 06 16:17:45 EEST 1987
BWQ0759,Kerri,Stamm,kerri.stamm@senger.io,227.807.2753,Tue Jul 06 14:06:20 EEST 2004
DDC3521,Shaunta,Glover,shaunta.glover@hodkiewicz.com,768.479.6223,Sat Dec 23 06:49:45 EET 1961
JMC315,Dacia,Veum,dacia.veum@considine.name,(983) 402-4316 x89537,Fri Nov 16 14:26:07 EET 1928
JAL931,Terrell,Kihn,terrell.kihn@stroman.biz,1-785-184-6056,Thu Oct 06 11:17:58 EET 1932
DSH0160,Evan,McKenzie,evan.mckenzie@lowe.biz,819-942-8765 x7796,Sat Jun 02 05:22:54 EET 1945
RRT4852,Jordan,Sporer,jordan.sporer@mclaughlin.com,(345) 087-2504 x090,Wed Apr 05 08:04:26 EEST 1989
UIY3152,Clarissa,Keebler,clarissa.keebler@boyer.info,657-969-1370 x55379,Fri Jun 28 16:08:13 EET 1974
ANM5333,Merrilee,Emmerich,merrilee.emmerich@mohr.io,1-007-678-3230,Fri Jun 17 09:46:25 EET 1927
MJD184,Bobbie,Harris,bobbie.harris@heaney.com,837.054.8345 x2445,Mon Jan 03 15:14:22 EET 1955
PBT849,Shemeka,Kuhic,shemeka.kuhic@schultz.net,555-527-6228 x87635,Wed Jan 26 12:04:15 EET 1949
QHK343,Trinity,Johnson,trinity.johnson@zulauf.net,758.250.3244 x8179,Thu Sep 29 00:37:44 EET 1927
ZON2132,Son,Quitzon,son.quitzon@volkman.co,218.071.1511,Sat Jan 14 17:25:19 EET 1928
JHT539,Garry,Fisher,garry.fisher@carter.co,091-606-3786 x4186,Sat Oct 31 07:22:07 EET 1992
FMM0925,Lorrine,Blanda,lorrine.blanda@vonrueden.com,(218) 681-0763 x1695,Tue Mar 09 02:42:57 EET 1993
YNI3591,Rob,O'Hara,rob.o'hara@gleason.co,1-410-215-2061,Mon Mar 21 01:58:54 EET 2005
LOO523,Abram,Huel,abram.huel@spencer.io,1-398-508-3938 x084,Wed Nov 10 01:00:11 EET 1954
KZN0377,Minta,Breitenberg,minta.breitenberg@schroeder.org,239.063.4609,Sat Oct 11 19:05:41 EET 1958
TBC2473,Loma,Hickle,loma.hickle@schoen.info,768.478.0231 x1298,Wed Aug 15 21:18:59 EET 1979
QTM731,Sherill,Dooley,sherill.dooley@schmeler.biz,1-248-900-0282 x1417,Mon Apr 26 21:00:35 EET 1954
UXP3229,Del,Breitenberg,del.breitenberg@ullrich.info,454-779-7788 x850,Mon Oct 03 23:48:16 EET 1977
LUA535,Ezra,Effertz,ezra.effertz@hilll.info,1-648-481-9555,Mon Jan 07 15:46:30 EET 1946
SSG600,Beula,Kunze,beula.kunze@nitzsche.co,313-514-9094 x356,Tue Nov 10 18:56:59 EET 1987
VST7532,Latoyia,Leuschke,latoyia.leuschke@stroman.info,(075) 346-7601 x89164,Tue Dec 14 01:31:43 EET 1993
CQO0672,Freddie,Thiel,freddie.thiel@stamm.net,515-194-0196 x4855,Fri Jan 02 08:04:35 EET 1948
TLK660,Tamie,Crooks,tamie.crooks@kovacek.com,1-383-832-4915 x55268,Sun Mar 18 20:52:38 EET 1934
WFA976,Bryant,Halvorson,bryant.halvorson@boyle.info,601.569.0820 x33048,Thu Jul 28 16:11:23 EEST 1988
VTG639,Shawnna,Murazik,shawnna.murazik@murray.io,310-218-3767,Wed Feb 22 11:08:25 EET 1984
WWF385,Kanesha,Morissette,kanesha.morissette@hamill.org,1-780-699-2208 x86849,Sun Mar 02 21:45:56 EET 2003
DFF8714,Bonny,Powlowski,bonny.powlowski@skiles.net,(540) 691-7610,Mon Feb 10 10:36:01 EET 1986
ZPG4894,Roman,Treutel,roman.treutel@kris.net,(431) 340-8125 x381,Wed May 05 12:16:59 EEST 1982
LJQ872,Rosalia,Robel,rosalia.robel@kuphal.io,1-485-733-1091 x9109,Sun Feb 22 06:10:32 EET 1959
XDJ5680,Leonel,Roberts,leonel.roberts@jacobi.name,079.196.8819,Wed May 27 14:03:26 EET 1953
SUF7770,Clyde,Mosciski,clyde.mosciski@halvorson.net,(597) 830-5726 x32198,Mon Dec 27 18:43:04 EET 1937
YBN4171,Leonardo,VonRueden,leonardo.vonrueden@bogan.com,717-952-7912,Wed Dec 29 09:41:47 EET 1971
ZMY6685,Mafalda,Jaskolski,mafalda.jaskolski@bernhard.info,1-899-184-1182 x5851,Thu May 27 23:05:11 EET 1965
LRZ8201,Rolando,Dicki,rolando.dicki@heaney.net,1-783-418-8842,Thu Nov 07 02:58:13 EET 1935
BHH679,Chauncey,Schultz,chauncey.schultz@bechtelar.net,(689) 997-1364,Mon Sep 13 09:21:12 EET 1954
XXO787,Harris,Hand,harris.hand@gorczany.net,(728) 668-1966 x53124,Sun Jan 23 15:01:51 EET 1994
TCV6398,Morris,Mosciski,morris.mosciski@stroman.org,661.237.6423 x70818,Wed Jan 03 01:12:28 EET 1934
YGB8044,Marylou,Willms,marylou.willms@connelly.info,340.053.5569 x62670,Sat Feb 05 07:02:57 EET 1938
YVG746,Alfredo,Herzog,alfredo.herzog@carroll.io,641-025-8488 x823,Mon Jul 12 20:17:40 EEST 2004
UHM161,Lyndsey,Feest,lyndsey.feest@batz.org,(515) 707-8777,Mon Aug 01 21:05:45 EEST 1988
JPA2616,Benito,Howe,benito.howe@deckow.biz,472.535.5517 x12209,Fri Sep 17 08:06:32 EET 1948
JMR7152,Chante,Hoppe,chante.hoppe@abernathy.name,106.531.7647 x3807,Tue Oct 01 19:45:46 EEST 1935
UOU2856,Kindra,Bosco,kindra.bosco@weimann.co,(271) 704-0170 x30923,Sat Nov 30 22:04:48 EEST 1940
REA8999,Terence,Heidenreich,terence.heidenreich@beahan.com,(080) 157-1870,Tue Sep 16 22:33:14 EEST 1986
YQB781,Ted,Hansen,ted.hansen@schaefer.com,(347) 031-0911,Mon Jun 01 05:57:32 EEST 1987
HJD1139,Burton,Shanahan,burton.shanahan@lakin.name,760-067-5655 x5091,Wed Sep 18 17:43:19 EEST 1996
AYD4159,Clinton,Kassulke,clinton.kassulke@kunde.net,(426) 184-3378 x83778,Thu Jun 07 14:16:20 EET 1945
TQF9969,Rebecca,Leannon,rebecca.leannon@kertzmann.io,490.453.8775,Wed Sep 08 18:59:51 EET 1948
FGK199,Theodore,Jaskolski,theodore.jaskolski@runolfsdottir.com,610-503-9341 x2254,Sun May 26 10:35:39 EEST 1985
VSV9950,Marlin,Toy,marlin.toy@spinka.org,283.871.9223,Fri Feb 13 02:41:06 EET 1959
OIW6026,Dee,Runolfsdottir,dee.runolfsdottir@lakin.org,049-192-3055 x54350,Fri Nov 26 06:15:58 EET 1937
XUN062,Loura,Connelly,loura.connelly@gerhold.net,025-682-3712 x745,Thu Oct 09 13:57:12 EEST 1997
KYX0514,Hector,Keebler,hector.keebler@gulgowski.io,577.993.8833,Thu Feb 13 08:36:53 EET 1986
PAN323,Wilma,Kuhic,wilma.kuhic@gottlieb.biz,745.807.0536 x0265,Thu Mar 11 14:00:58 EET 1937
VVE497,Pat,Goodwin,pat.goodwin@farrell.name,160.831.4078,Mon Mar 13 11:28:28 EET 1939
ELU6828,Evita,Tremblay,evita.tremblay@towne.biz,1-493-089-9637,Mon Aug 24 07:18:16 EEST 1936
BFT873,Kacy,Runte,kacy.runte@marvin.info,1-544-798-4738,Sat Mar 02 05:44:10 EET 1985
UCW2819,Trinidad,Okuneva,trinidad.okuneva@pacocha.org,1-064-491-6478 x3768,Tue Jan 05 19:14:41 EET 1982
SWL1845,Kindra,Rogahn,kindra.rogahn@kuphal.net,214.663.5828 x52251,Tue Jan 29 10:23:12 EET 1963
RGG027,Alina,Funk,alina.funk@quigley.io,755-638-8835,Sat Oct 26 00:07:24 EEST 2002
OXV9923,Laronda,Wilkinson,laronda.wilkinson@beatty.name,695-820-0063,Thu Feb 11 07:29:03 EET 1965
USJ4539,Rudolf,Weber,rudolf.weber@ruecker.net,1-237-756-3303,Wed Aug 23 16:23:12 EET 1961
JRJ6316,Terence,Cassin,terence.cassin@erdman.name,1-471-900-3737,Sat Jun 25 20:25:26 EET 1949
ZZO5136,Tom,Watsica,tom.watsica@cole.net,122-430-5903 x0907,Mon Jan 15 17:57:49 EET 2001
GHT841,Len,Corwin,len.corwin@baumbach.com,1-712-944-6090,Thu Mar 31 08:29:39 EET 1977
MRH2059,Emmett,Metz,emmett.metz@rath.net,176-105-2948,Wed Jul 03 11:59:33 EEST 1985
FXV931,Lane,Botsford,lane.botsford@schmeler.name,020-509-6805 x7323,Fri Nov 07 00:04:33 EET 1997
BPD327,Lashay,Turner,lashay.turner@walter.co,494.328.8137 x9179,Thu Oct 17 12:17:44 EET 1946
RRP7724,Julietta,Schuppe,julietta.schuppe@franecki.org,564.983.5975,Mon Jul 02 18:06:59 EEST 1990
KFO1795,Socorro,Metz,socorro.metz@dooley.net,(520) 038-4419 x17250,Tue Jun 17 01:30:12 EEST 1997
LPR369,Margeret,Strosin,margeret.strosin@christiansen.name,115-420-6850 x9503,Sat Aug 21 05:56:00 EEST 1982
NWP0867,Shiloh,Kerluke,shiloh.kerluke@weissnat.biz,(149) 870-5374,Thu Jul 27 04:45:14 EEST 2006
SBQ6811,Vennie,Lemke,vennie.lemke@kub.io,(747) 672-3004,Thu May 08 19:53:36 EET 1930
JZM0153,Loren,Macejkovic,loren.macejkovic@douglas.org,311.272.6804,Wed Jul 21 06:22:30 EET 1954
VAV0694,Ian,Powlowski,ian.powlowski@swift.com,1-162-519-9352,Fri May 30 08:02:41 EET 1969
JMA2718,Daniela,Wintheiser,daniela.wintheiser@padberg.info,162.406.9369 x398,Wed Dec 10 05:08:31 EET 1947
BFC398,Chantell,Bradtke,chantell.bradtke@aufderhar.org,(546) 004-3352 x976,Sun Mar 20 04:12:07 EET 2005
OEC0250,Nicky,Block,nicky.block@feeney.biz,726-632-5599,Sat May 22 00:53:18 EEST 1982
CUP540,Arla,Grady,arla.grady@lakin.name,(951) 291-2475,Tue Nov 22 01:56:44 EET 1960
IQB705,Armando,Dooley,armando.dooley@crona.biz,438-218-7795,Sat Dec 27 07:05:07 EET 1980
BKJ0962,Hoyt,Gleichner,hoyt.gleichner@purdy.net,715-600-7396 x7027,Tue Apr 05 03:53:50 EEST 1938
NMW7342,Mauro,Gleichner,mauro.gleichner@weber.org,194-307-1717,Thu Feb 06 16:42:56 EET 1975
SCF1605,Landon,Heller,landon.heller@dickens.net,1-999-951-8363 x191,Sun Feb 07 08:06:16 EET 1937
PXC6779,Rosalva,Dibbert,rosalva.dibbert@simonis.io,529-305-2594 x401,Wed Mar 11 16:44:01 EET 1998
ISE3086,Newton,Beahan,newton.beahan@hauck.co,625-414-4337 x945,Wed Jul 30 11:56:22 EET 1930
JIG0232,Veronika,Lemke,veronika.lemke@carter.co,1-401-140-3015 x0677,Wed Nov 05 07:41:56 EET 1975
RCX315,Shad,Heaney,shad.heaney@little.biz,1-375-796-3178,Wed Sep 21 11:02:14 EET 1977
JXS6053,Maynard,Prohaska,maynard.prohaska@jones.co,256.017.2741 x98142,Sun Nov 22 14:24:33 EET 1981
SVD433,Marian,Oberbrunner,marian.oberbrunner@stanton.biz,1-437-725-6737 x3571,Tue Apr 04 10:06:08 EEST 1939
ZZX4586,Rudy,Mitchell,rudy.mitchell@kohler.com,941.415.9671,Sun Feb 13 01:30:47 EET 1966
DHP850,Margorie,Ebert,margorie.ebert@collins.info,1-803-152-2837,Wed Apr 08 01:45:08 EET 1925
OQN963,Shawna,Stokes,shawna.stokes@weber.biz,032-830-7578,Mon Dec 03 18:22:37 EET 1956
NZU6534,Nenita,Watsica,nenita.watsica@romaguera.io,119.654.3470,Mon Aug 23 06:15:01 EET 1926
BBW463,Apolonia,Konopelski,apolonia.konopelski@beier.biz,981.342.3452 x860,Sat Apr 02 07:38:35 EET 1977
GPC1191,Sirena,Hettinger,sirena.hettinger@boyle.co,(307) 016-1673,Fri Apr 27 14:42:35 EET 1928
JAS7806,Herschel,Corwin,herschel.corwin@hudson.io,1-417-923-7631,Thu Mar 26 11:56:22 EET 1931
QBZ9869,Latrisha,Glover,latrisha.glover@schaden.org,671.610.5478,Sat May 26 06:52:26 EET 1962
JIW709,Kermit,Welch,kermit.welch@waters.org,1-925-894-9669,Mon Mar 01 05:38:30 EET 1976
PTP3895,Rod,Upton,rod.upton@balistreri.biz,531-993-4655,Fri Jan 22 05:11:35 EET 1982
QRY334,Randolph,Kuhic,randolph.kuhic@ankunding.org,109-034-4985,Sun Nov 13 15:32:35 EET 1983
VYD007,Issac,Nolan,issac.nolan@rath.name,(852) 482-0390,Wed Jun 11 11:57:19 EET 1952
WXH0184,Terrell,Orn,terrell.orn@effertz.co,1-382-387-9456,Wed Nov 04 12:46:44 EET 1998
YNE015,Carol,Corwin,carol.corwin@waelchi.co,948-120-3271 x01952,Sat Nov 26 15:29:08 EET 1932
TSH7198,Terrell,Rohan,terrell.rohan@langosh.org,651.802.7280 x0973,Tue Jan 30 19:10:16 EET 1996
TOP1951,Duane,Beier,duane.beier@kirlin.name,445-192-0745 x771,Fri Jan 18 00:49:31 EET 1963
BTF9796,Kena,O'Connell,kena.o'connell@kertzmann.net,324.250.2234,Fri Mar 24 22:07:38 EET 1939
TND718,Lauren,Koch,lauren.koch@gusikowski.net,1-850-516-2211,Wed May 06 16:20:22 EEST 1998
BHD8970,Paula,Weber,paula.weber@greenfelder.info,(226) 779-5775 x289,Mon Jan 13 04:31:52 EET 1947
WYL485,Merideth,Haley,merideth.haley@ernser.biz,(995) 457-6579,Fri Mar 13 14:37:02 EET 1959
MYP478,Jan,Fay,jan.fay@kerluke.biz,548-096-4433,Sat Mar 24 15:31:44 EET 1984
BPK3611,Kip,Mraz,kip.mraz@jacobson.info,328-733-3375 x388,Wed Oct 05 06:55:54 EEST 2005
XXY0876,Tasia,Vandervort,tasia.vandervort@harvey.biz,(603) 371-3610,Tue Aug 28 08:30:27 EEST 1984
FBA9009,Salvador,Ernser,salvador.ernser@hoeger.name,593-684-2984,Mon Aug 16 06:09:01 EET 1954
EZE089,Allan,Schuster,allan.schuster@hudson.net,858.215.0507,Wed May 13 14:30:40 EEST 1981
HFB4725,Kimber,Paucek,kimber.paucek@haley.info,(069) 725-7535 x06169,Wed Jan 16 18:15:12 EET 1952
BJV7744,Troy,McClure,troy.mcclure@lynch.com,720.690.0693,Mon Oct 29 11:59:29 EET 1934
CVY255,Barton,O'Reilly,barton.o'reilly@volkman.net,981-501-4664 x4598,Sun Jun 20 07:34:11 EEST 2004
JYC5845,Jimmy,Kirlin,jimmy.kirlin@bayer.net,(899) 705-5337 x7000,Sat Feb 06 15:39:36 EET 1932
WUM045,Dewitt,Beahan,dewitt.beahan@bins.biz,253.975.6071,Sun Mar 15 14:46:43 EEST 1942
GSI0893,Darron,Cormier,darron.cormier@langosh.org,462.048.1607,Sun Sep 10 02:34:57 EEST 1933
HSV2064,Laurette,Beatty,laurette.beatty@roob.info,899-198-7902,Thu May 21 10:13:09 EET 1925
ZWP149,Jefferson,Thiel,jefferson.thiel@ebert.biz,850-521-7813 x53223,Tue Dec 29 10:48:17 EET 1981
PQU1933,Alfred,Denesik,alfred.denesik@oreilly.name,272-021-6111 x33142,Tue Mar 11 17:18:27 EET 1958
UXD7424,Kimberly,Barton,kimberly.barton@bashirian.org,913.036.8783 x267,Thu Feb 24 12:31:05 EET 1927
VWN4787,Harriette,Effertz,harriette.effertz@huels.com,1-634-353-9978 x2985,Thu Sep 13 21:56:56 EEST 1934
JUJ8541,Randell,Thompson,randell.thompson@cremin.com,(733) 081-6028 x74259,Sun May 24 22:35:18 EEST 1942
VML9066,Enedina,Breitenberg,enedina.breitenberg@feeney.org,923-507-7673,Sat Apr 19 16:35:30 EET 1947
NWJ847,Kera,Pollich,kera.pollich@goodwin.name,1-795-453-8593 x931,Mon Jan 03 10:07:27 EET 1949
JFM9982,Charlene,Rowe,charlene.rowe@hickle.net,(890) 960-9613,Sat Oct 13 03:42:24 EET 1928
DTI3332,Gilberto,Wolff,gilberto.wolff@rodriguez.co,1-643-797-2757 x9329,Mon Jun 30 13:01:50 EEST 1941
VQD276,Jeanine,Lowe,jeanine.lowe@skiles.biz,(581) 300-1815,Thu Jan 01 10:22:31 EET 1953
SHJ006,Steve,Dare,steve.dare@watsica.info,(674) 731-5707,Mon Dec 08 06:39:06 EET 1930
UBH2969,Marcus,Veum,marcus.veum@treutel.io,591.581.2047 x91255,Sun Oct 14 19:18:52 EET 1962
GOJ1735,Brenton,Grant,brenton.grant@reilly.name,562-138-6908 x808,Sat Jul 20 18:19:40 EET 1929
LCJ5763,Garland,Schmidt,garland.schmidt@schiller.com,819-369-2050 x38837,Mon Jan 07 06:56:36 EET 1963
QXE514,Jackie,Farrell,jackie.farrell@ernser.name,757-793-5861 x63116,Wed Aug 18 13:41:03 EET 1926
XVE4565,Shandra,Jakubowski,shandra.jakubowski@schamberger.net,(139) 047-8169 x399,Wed Oct 04 00:05:44 EET 1950
MLQ952,Raymundo,Bogan,raymundo.bogan@swaniawski.io,(557) 740-2719 x426,Mon Mar 17 00:27:11 EET 1986
YYH843,Eldora,Kessler,eldora.kessler@adams.io,431-928-5464 x89222,Fri Jan 12 05:06:56 EET 1979
UOD4596,Dale,Schumm,dale.schumm@bode.net,243-760-5613 x55894,Sat Apr 13 04:29:54 EEST 2002
JUP5859,Kirby,Kerluke,kirby.kerluke@crooks.co,1-277-570-0708 x00248,Tue Jun 18 15:33:18 EET 1974
UBL183,Jonie,Homenick,jonie.homenick@welch.org,1-828-158-3617 x2844,Tue Sep 14 23:56:17 EEST 1999
SRE5078,Hettie,Luettgen,hettie.luettgen@bahringer.org,069.616.2496 x3104,Thu Sep 29 02:32:19 EET 1966
GGP6870,Albertine,Renner,albertine.renner@hahn.org,1-268-615-4187,Sun Sep 02 06:52:30 EET 1928
IFW687,Sanford,Brekke,sanford.brekke@konopelski.io,992-675-5514,Thu Mar 11 05:17:18 EET 1976
XJW178,Mignon,Medhurst,mignon.medhurst@feeney.name,(147) 746-0101 x98130,Sat May 01 13:51:12 EEST 1937
LBI829,Edmond,Bradtke,edmond.bradtke@hills.info,1-319-548-6933 x973,Fri Jan 13 09:57:42 EET 1984
RHE643,Dale,Ratke,dale.ratke@johnson.co,095-732-6172 x02168,Fri Mar 03 11:26:31 EET 2006
KRJ815,Christel,Johns,christel.johns@cummings.org,(207) 899-7104,Mon Jan 01 10:39:15 EET 1979
ZWD494,Pennie,Kunze,pennie.kunze@walter.org,(364) 365-3227 x8463,Mon Jan 03 17:07:06 EET 1938
ZDD263,Shenita,Price,shenita.price@adams.com,(150) 829-8545,Fri Feb 03 09:36:33 EET 1995
XQO6799,Agustina,Bruen,agustina.bruen@hamill.io,1-099-881-3171,Sun Dec 29 08:34:43 EET 1935
DOH9766,Elvira,Dietrich,elvira.dietrich@davis.org,1-922-401-8582 x891,Fri Mar 22 00:58:14 EET 1996
QLU276,Valentine,Reinger,valentine.reinger@jakubowski.com,1-600-292-4779 x9315,Tue Jan 02 21:04:55 EET 1996
GDK2191,Luke,Volkman,luke.volkman@boyle.biz,(576) 244-8700,Tue Oct 01 08:17:23 EEST 1996
NZD2748,Chandra,Okuneva,chandra.okuneva@berge.com,1-017-635-7724 x229,Mon Feb 06 09:32:15 EET 1989
FLX0186,Pa,Lang,pa.lang@schuster.net,254.682.1881,Sun Jul 31 08:57:14 EEST 1994
BTL297,Al,Ward,al.ward@farrell.co,583.168.9026,Fri Sep 23 23:42:25 EEST 1983
CHR700,Quentin,Walter,quentin.walter@abernathy.io,1-278-686-1107,Tue Aug 31 13:17:33 EEST 2004
NPF4585,Jeffie,Heidenreich,jeffie.heidenreich@dickinson.com,285-280-3896 x1239,Sat Jun 24 01:40:06 EEST 2000
VRB5161,Leta,Kertzmann,leta.kertzmann@huels.com,881.177.5665,Wed Oct 22 20:41:20 EET 1958
KNM9735,Wayne,Beatty,wayne.beatty@kilback.name,(123) 926-2716,Sun Oct 08 20:40:57 EET 1972
KCM4320,Phil,Legros,phil.legros@orn.io,(083) 175-7477,Tue Dec 23 17:27:28 EET 1930
CKM6515,Dillon,Howe,dillon.howe@stehr.biz,073-132-3509,Tue Mar 26 00:17:10 EET 1974
QWL4307,Verda,Price,verda.price@nicolas.io,1-751-886-8135,Mon Jul 28 19:53:12 EET 1975
HSS4980,Carson,Kunde,carson.kunde@kessler.com,047-865-9577 x3491,Fri Sep 24 21:12:41 EEST 1999
AYB854,Amada,Okuneva,amada.okuneva@wilkinson.com,912.904.6647,Tue Feb 06 00:11:44 EET 1973
TVV9484,Serina,Harris,serina.harris@koelpin.biz,1-572-046-8605 x862,Wed Nov 28 18:39:50 EET 1934
RSI898,Lavern,O'Kon,lavern.o'kon@gorczany.net,437-836-7600 x583,Fri Nov 09 11:29:57 EET 1979
GQG1643,Kristofer,Howe,kristofer.howe@mann.net,093-350-0826,Wed Jan 19 17:01:13 EET 1977
BBE461,Antoine,Crooks,antoine.crooks@mohr.co,(759) 982-1973,Tue Apr 22 19:51:25 EEST 1941
NQB2482,Bart,Lakin,bart.lakin@schamberger.co,1-398-770-4546 x81512,Fri Feb 23 15:27:40 EET 2001
UAW6369,Roy,Hayes,roy.hayes@gislason.name,(751) 872-7021 x85043,Tue Jan 05 02:35:24 EET 1971
RVB600,Alyse,Shanahan,alyse.shanahan@bergnaum.org,(158) 885-4978,Wed Feb 04 00:06:32 EET 1976
QSN7311,Kerry,Kuvalis,kerry.kuvalis@dicki.io,322.618.9326,Sat Mar 25 11:37:44 EET 2006
SGM0216,Kasi,Waters,kasi.waters@jones.biz,976.688.1421 x9129,Tue Sep 07 18:35:15 EEST 1999
JLJ3473,Kacy,Romaguera,kacy.romaguera@tromp.org,654-487-4212 x0468,Mon Mar 23 21:59:21 EET 1953
EGB6395,Fidel,Jacobs,fidel.jacobs@waters.info,(446) 452-6622 x430,Sun Jul 06 04:17:54 EET 1952
AYD4786,Freddie,Abbott,freddie.abbott@sauer.com,428-898-7318 x5967,Mon Jun 08 17:36:43 EEST 1936
CHF688,Shella,Hamill,shella.hamill@robel.name,(309) 680-2374 x6281,Wed Jun 01 07:41:19 EEST 2005
EFT5174,Dimple,Luettgen,dimple.luettgen@kunze.net,479.718.7543,Mon May 31 07:05:45 EEST 1993
LGC1848,Patricia,O'Keefe,patricia.o'keefe@klein.name,1-646-617-2347 x21386,Thu Dec 08 11:12:22 EET 1983
WYX638,Magda,Heller,magda.heller@gaylord.org,(006) 214-6859,Tue Aug 07 11:52:46 EEST 1934
NRF3803,Jane,Nitzsche,jane.nitzsche@rogahn.net,(766) 001-3741 x663,Mon Nov 12 22:58:55 EET 1956
ZTX6616,Jodi,White,jodi.white@turner.io,888-438-7906 x357,Fri Mar 24 14:27:59 EET 2006
PTJ4246,Randall,Gutmann,randall.gutmann@kiehn.com,946.361.7533 x3314,Thu Oct 09 12:44:52 EEST 1997
MNQ042,Nicole,Funk,nicole.funk@wehner.name,707.763.7175 x174,Thu Nov 05 06:06:42 EET 1998
SXQ2768,Leonardo,Mosciski,leonardo.mosciski@collier.org,1-641-865-9598 x28017,Sat Aug 18 20:57:59 EET 1979
NWI375,Tenesha,Considine,tenesha.considine@miller.io,(421) 346-6176,Mon Jul 13 03:48:23 EET 1964
FSK171,Blair,Cummings,blair.cummings@thompson.io,1-325-549-2087,Tue Mar 30 14:54:56 EET 1926
JUL8386,Dorian,Feil,dorian.feil@bartoletti.co,488-311-7545 x1523,Fri Mar 07 21:23:25 EEST 1941
OHN5898,Norene,Wehner,norene.wehner@littel.io,211-495-7937 x3467,Thu Dec 24 14:50:31 EET 1936
IVZ6955,Margert,Becker,margert.becker@dickinson.com,121.482.8584,Tue Jul 22 15:58:18 EET 1969
MQN5998,Deshawn,Prosacco,deshawn.prosacco@bosco.name,655-133-4406 x890,Mon Sep 12 17:23:22 EET 1949
UQY745,Nadine,McGlynn,nadine.mcglynn@fritsch.co,118.336.2277,Fri Nov 19 05:48:39 EET 1993
JQW7710,Victor,Bashirian,victor.bashirian@deckow.com,(676) 079-9722 x496,Fri Aug 06 01:06:57 EET 1954
JNB3140,Benny,Botsford,benny.botsford@crooks.name,222-852-5966,Sat Nov 02 11:19:32 EET 1946
ERI881,Kory,Stroman,kory.stroman@cruickshank.org,436-001-2950 x291,Thu Aug 26 00:11:09 EET 1971
IHM4910,Deane,Mitchell,deane.mitchell@oberbrunner.com,965.329.9902 x888,Tue Apr 05 11:34:57 EET 1932
EHG7115,Benny,Schiller,benny.schiller@kris.org,568.296.5131 x5529,Wed Aug 14 16:22:19 EEST 1985
XVU263,Francisca,Dietrich,francisca.dietrich@kling.biz,(221) 317-3033 x037,Thu Apr 19 06:41:11 EET 1928
API5571,Dominique,Grady,dominique.grady@cummings.name,492.651.3837,Sat Jan 30 16:36:49 EET 1960
KJL719,Jay,Crona,jay.crona@bahringer.io,(096) 649-2091 x49016,Wed May 13 23:59:25 EET 1925
WCC8262,Wilbert,Olson,wilbert.olson@feil.net,(180) 472-6561 x53376,Thu Jul 04 09:03:26 EEST 1991
LMF6294,Scottie,Ruecker,scottie.ruecker@durgan.net,1-019-997-0260 x0344,Thu Aug 15 01:41:52 EEST 1940
XGG3671,Heike,Bartell,heike.bartell@lindgren.name,(952) 444-7377 x725,Sat Dec 07 03:37:00 EET 1985
AZF2510,Emile,Bradtke,emile.bradtke@schmitt.biz,1-713-369-8506 x001,Fri Feb 20 08:08:14 EET 1987
AHI0062,Anthony,Anderson,anthony.anderson@graham.io,(580) 527-2285 x740,Sat Aug 20 18:16:22 EEST 1938
EJS9221,Belia,Kling,belia.kling@ruecker.info,674-032-5688 x063,Fri Dec 20 12:49:45 EET 1991
LLA3811,Alexander,Hodkiewicz,alexander.hodkiewicz@klocko.io,254-046-5278 x7368,Sat Nov 14 12:53:07 EET 1942
IFS8036,Nicky,Block,nicky.block@hansen.biz,951-663-7096 x61373,Fri Dec 03 08:14:09 EET 1937
NIG7089,Jenni,Daniel,jenni.daniel@ferry.org,1-713-285-6746 x73044,Sun Dec 20 23:16:33 EET 1981
RIT4011,Joan,Glover,joan.glover@walter.name,859-860-0532 x9406,Wed Oct 24 03:37:55 EET 1945
EHL429,Lieselotte,Kuhn,lieselotte.kuhn@harber.org,106.083.2981 x9192,Thu Aug 24 19:10:27 EEST 1933
HIK4737,Jonathon,Ondricka,jonathon.ondricka@williamson.io,1-257-664-1363 x967,Tue Aug 23 22:17:31 EEST 1938
BOS0477,Alfonzo,Yost,alfonzo.yost@swaniawski.name,1-478-320-0256 x98373,Mon Dec 04 07:29:04 EET 1972
RRQ2422,Terry,Bosco,terry.bosco@franecki.name,090-233-6925,Mon Dec 04 21:33:53 EET 1933
WTA6047,Walton,Pagac,walton.pagac@herman.org,271-856-4258 x1060,Thu Aug 26 01:43:43 EEST 1943
HFD6853,Dalton,Nitzsche,dalton.nitzsche@kertzmann.name,975.772.0113 x096,Wed Aug 21 07:32:55 EET 1974
QDJ4141,Lowell,Oberbrunner,lowell.oberbrunner@dach.net,1-748-574-0655,Mon Nov 19 05:19:48 EET 1951
QNX8781,Morris,Gaylord,morris.gaylord@lesch.name,1-758-633-5675 x318,Wed Jun 30 19:40:35 EET 1971
AKO7446,Boris,Bayer,boris.bayer@williamson.info,355.802.2744,Sun Mar 25 23:19:39 EET 1984
CXZ2997,Shannon,Heidenreich,shannon.heidenreich@keebler.net,539.967.2820 x539,Sun Oct 12 12:22:51 EET 1969
SLA980,Fiona,Glover,fiona.glover@block.net,1-866-986-7876 x11125,Tue Jun 02 15:35:15 EEST 1936
MYF693,Roman,Kris,roman.kris@aufderhar.net,(784) 938-5750 x045,Tue Jul 08 18:43:40 EET 1958
VFF3571,Kris,Borer,kris.borer@lind.org,(662) 373-6941 x18198,Wed Jan 09 07:50:59 EET 1957
EBM4970,Elizebeth,Zemlak,elizebeth.zemlak@simonis.name,393.794.3071,Sat Jul 15 02:03:08 EEST 1995
JDW1134,Rodrick,Tillman,rodrick.tillman@lemke.io,592-641-4882 x52584,Fri Dec 20 17:41:06 EET 2002
TSP547,Blondell,Swift,blondell.swift@bogan.info,1-923-012-8527 x729,Thu Mar 24 19:27:31 EET 1955
DZZ5730,Wilson,Hickle,wilson.hickle@weissnat.name,(858) 981-3158 x551,Fri May 31 01:44:06 EEST 1991
NUU0860,Junie,Hessel,junie.hessel@pfannerstill.biz,(991) 334-9085 x6954,Wed Apr 04 14:33:20 EET 1962
OEI6871,Marlene,Auer,marlene.auer@koss.name,739.856.0471,Sat Jan 24 00:20:08 EET 1953
PAB7503,Carlos,Pfannerstill,carlos.pfannerstill@flatley.info,(470) 573-5299,Sat Dec 21 21:45:01 EET 1996
ONY9730,Patricia,Roob,patricia.roob@goyette.info,(443) 987-9228 x9587,Wed Jan 23 07:01:35 EET 1980
MTS262,Angel,Okuneva,angel.okuneva@jast.io,1-623-582-3118 x93626,Fri Jan 08 19:07:11 EET 1965
ZNE2976,Timmy,Huel,timmy.huel@huels.org,555-292-6215 x8994,Fri Nov 23 10:08:30 EET 1928
YTY3174,Clarissa,Christiansen,clarissa.christiansen@emard.net,1-513-051-3634 x309,Fri Jun 11 18:11:19 EEST 1993
YQO017,Donte,Hodkiewicz,donte.hodkiewicz@boehm.com,747.613.2071,Wed Dec 17 23:32:37 EET 1947
NKU9801,Santa,Schroeder,santa.schroeder@mraz.io,063.271.4177,Thu Nov 15 06:36:46 EET 1990
SBJ272,Elden,Beer,elden.beer@harvey.org,1-312-545-8472,Tue Jan 02 06:02:21 EET 1940
CSE8668,Josef,Feest,josef.feest@tromp.io,(406) 200-3335,Tue Jan 25 17:49:06 EET 1955
EIN5696,Rose,Moore,rose.moore@cartwright.biz,454-103-5820 x8351,Sat Apr 20 15:50:39 EEST 2002
NWM2522,Viki,Doyle,viki.doyle@jacobson.com,609.560.1437,Sat Apr 03 18:57:41 EET 1937
LSX182,Shanna,Nicolas,shanna.nicolas@reinger.name,1-724-574-4856,Mon Apr 21 12:52:02 EET 1952
OVM4718,Sammie,Mertz,sammie.mertz@gorczany.name,114-568-2330,Mon Jun 26 18:34:16 EET 1950
PYC346,Ayako,Dietrich,ayako.dietrich@watsica.net,337.006.2425 x8230,Fri Nov 26 19:55:14 EET 1948
PLY641,Agripina,Conn,agripina.conn@hamill.net,1-986-268-0914 x235,Mon Nov 21 23:38:30 EET 1994
EQX9423,Rosalia,Hartmann,rosalia.hartmann@williamson.org,(654) 202-8855,Mon Feb 13 12:58:04 EET 1984
RWH547,Nichole,Corkery,nichole.corkery@dubuque.org,(453) 205-6451 x306,Mon Oct 09 23:20:25 EET 1961
OXL7618,Drew,Collier,drew.collier@veum.net,436.797.6579,Sun Apr 01 06:29:08 EET 1934
AVM6853,Jamar,Douglas,jamar.douglas@farrell.org,(384) 741-1085,Wed Nov 30 18:43:33 EET 1938
XET0174,Joselyn,Daugherty,joselyn.daugherty@bartell.io,1-606-633-3423 x3384,Mon Nov 30 08:48:19 EET 1953
YKO5946,Lanny,Conn,lanny.conn@treutel.org,1-999-666-4701,Tue Jul 03 13:36:20 EEST 1984
DHG9447,Lloyd,Johnston,lloyd.johnston@bruen.co,833.063.1411 x52992,Sat Jan 05 15:04:27 EET 1980
OII9993,Verline,Hettinger,verline.hettinger@oberbrunner.co,162-337-5070,Tue Apr 01 03:01:31 EET 1969
QNY9933,Wilber,Dietrich,wilber.dietrich@wehner.co,421.718.5281 x1092,Tue May 04 02:46:50 EEST 2004
VON760,Pearly,Pollich,pearly.pollich@dubuque.name,1-190-101-8347 x367,Sun Nov 12 00:55:42 EET 1972
FNI1865,Renato,Quitzon,renato.quitzon@champlin.com,411-346-3013 x27428,Wed Jan 22 09:22:47 EET 1958
FBY068,Marketta,Fadel,marketta.fadel@batz.info,(408) 831-7278 x53605,Tue Mar 29 08:32:08 EET 1983
AJZ9959,Berta,Sawayn,berta.sawayn@paucek.org,(441) 754-7403,Tue May 04 20:21:07 EET 1976
WRM1080,Bradly,Orn,bradly.orn@gerlach.net,906-621-4338,Thu Jun 20 15:15:56 EEST 1985
TWX614,Jarrod,Murphy,jarrod.murphy@mann.info,156.105.0458 x3137,Sat Jun 05 23:37:39 EEST 1999
MWH2484,Melani,Ritchie,melani.ritchie@deckow.info,1-939-371-2162 x335,Fri Feb 04 05:42:34 EET 1977
WGL1705,Mellissa,Boyle,mellissa.boyle@davis.biz,1-324-561-6238 x131,Fri Aug 03 19:57:15 EET 1951
DPA9640,Lewis,Feest,lewis.feest@feil.name,1-994-772-9851 x5375,Sat Apr 12 11:41:09 EET 1958
UVC834,Trevor,Bahringer,trevor.bahringer@schiller.com,921.181.4870,Fri Jul 05 14:10:14 EET 1957
DXX4437,Laurence,Rau,laurence.rau@casper.info,460.379.4973,Tue May 30 08:17:27 EET 1972
IPJ8191,Rico,Abshire,rico.abshire@hoppe.com,1-286-971-4434,Wed Dec 28 12:32:59 EET 1938
REH050,Robby,Kozey,robby.kozey@ward.com,1-624-726-2555 x0431,Mon Mar 06 13:43:49 EET 2006
JLI2878,Phoebe,Berge,phoebe.berge@bins.biz,1-569-614-4201 x2350,Fri Jun 09 05:44:40 EEST 1989
WWL6466,Aimee,Stehr,aimee.stehr@effertz.io,160.185.0546 x06457,Fri Sep 12 21:34:08 EET 1947
IXP0853,Rod,Hermiston,rod.hermiston@muller.org,1-543-922-7455 x0828,Sat Apr 14 15:06:32 EEST 1990
KAD5585,Sandie,McCullough,sandie.mccullough@auer.info,1-243-242-8201 x46913,Tue Aug 20 22:52:36 EET 1946
VQF1786,Marcus,Stokes,marcus.stokes@pacocha.info,138.788.5674 x03973,Thu Feb 15 17:57:40 EET 1934
INT045,Shonta,Cremin,shonta.cremin@douglas.name,401-331-8093 x329,Mon Sep 07 11:31:33 EET 1964
QWY5987,Hoa,O'Connell,hoa.o'connell@schimmel.net,1-537-089-5679 x1544,Wed Aug 05 13:20:45 EET 1970
XPM4197,Marlana,Lakin,marlana.lakin@leuschke.com,(304) 278-3873,Fri Dec 21 14:25:10 EET 1951
KOC6233,Bud,Leannon,bud.leannon@macgyver.co,(326) 968-5145 x156,Wed Mar 29 19:56:24 EET 1939
PCG171,Homer,Auer,homer.auer@flatley.biz,780.311.6258 x678,Thu Oct 05 23:21:58 EET 1950
WME4266,Krysta,Hagenes,krysta.hagenes@daugherty.com,(736) 076-9003,Sat Apr 23 07:56:12 EET 1960
CDH294,Malia,Lesch,malia.lesch@jenkins.com,697.820.4068 x338,Thu Mar 19 01:45:40 EET 1992
LFJ597,Ramiro,Douglas,ramiro.douglas@parker.com,(915) 584-7084 x48802,Thu Oct 21 04:29:33 EET 1993
DKG5600,Casey,Herman,casey.herman@hamill.io,907-056-3342,Wed Jun 14 06:24:25 EEST 1944
LRR7359,Wilton,Huels,wilton.huels@orn.com,1-200-674-5541,Tue Aug 14 12:03:10 EET 1973
FCE6253,Monte,Collins,monte.collins@morar.org,(085) 424-1174,Fri Jun 19 18:25:41 EET 1964
OBK900,Chang,Thompson,chang.thompson@ruecker.io,418.529.4581 x9652,Sat Sep 03 11:20:50 EET 1949
WCW525,Emilio,Moore,emilio.moore@stoltenberg.co,752.960.5150 x50893,Fri Oct 25 12:45:12 EET 1929
IUH395,Micah,Sipes,micah.sipes@donnelly.name,030.499.4914 x56244,Fri Jan 01 02:07:36 EET 1960
UDK9974,Willie,Pouros,willie.pouros@kshlerin.name,(751) 617-1728 x6957,Wed Apr 21 05:28:22 EEST 2004
BNX0805,Bobbie,Steuber,bobbie.steuber@bins.net,(414) 484-7942 x28874,Sun Dec 25 15:29:09 EET 1966
TBA311,Rocky,Wiza,rocky.wiza@johnston.biz,503.565.4857,Thu Dec 26 16:45:34 EET 1968
BCN8891,Tarsha,Senger,tarsha.senger@tremblay.io,1-118-107-2897 x23711,Sun Nov 12 11:07:54 EET 1944
LJY3464,Jermaine,Rau,jermaine.rau@pacocha.biz,732.827.2557 x719,Sun Feb 05 09:38:14 EET 1939
OSQ888,Kati,Tromp,kati.tromp@klein.org,268.790.0747,Thu Aug 27 23:30:37 EET 1959
ZCO058,Emmanuel,Klein,emmanuel.klein@littel.biz,425.026.2771 x492,Wed Aug 07 12:15:09 EEST 1991
UZV981,Seth,Fadel,seth.fadel@wisozk.info,1-024-265-3896 x45135,Sat Feb 05 13:02:52 EET 1972
RTN4323,Deon,Bartoletti,deon.bartoletti@pacocha.io,127-182-1786 x4275,Sun Sep 01 05:23:42 EEST 1940
OAP5284,Lewis,Fahey,lewis.fahey@abshire.org,922-106-9155 x76522,Sat Oct 05 06:26:25 EEST 2002
LGA6650,Cedric,Rippin,cedric.rippin@wiza.io,154.296.4038,Wed Apr 10 17:20:23 EET 1968
RRI4164,Yasuko,Funk,yasuko.funk@nitzsche.name,1-350-131-1548,Mon Oct 12 10:23:42 EET 1964
GBQ1229,Frances,Hagenes,frances.hagenes@mccullough.org,784.727.6455,Sat Dec 30 20:00:59 EET 1978
IRX6017,Barney,Reinger,barney.reinger@bartoletti.io,892.605.6864,Sun Sep 05 01:26:40 EEST 1943
JWY2718,Brett,Kutch,brett.kutch@sporer.name,(840) 597-9484 x3117,Sun Jun 05 23:58:47 EET 1955
AMT8687,Tilda,Beier,tilda.beier@pfannerstill.name,462.885.3997 x5494,Sat Jul 21 19:39:49 EEST 1984
TRI448,Angelica,Cronin,angelica.cronin@kertzmann.io,723-982-7821,Fri Jul 01 11:52:17 EET 1949
MNJ453,Daniela,Macejkovic,daniela.macejkovic@runte.name,(855) 164-0255 x011,Tue Sep 19 14:32:42 EET 1972
FPH926,Dennise,Greenfelder,dennise.greenfelder@fisher.biz,519.962.0103 x31555,Thu Oct 10 12:55:33 EET 1935
YXD1515,Dante,Rice,dante.rice@roberts.co,(696) 174-0891 x4451,Sat Apr 23 06:03:30 EET 1966
VGD2829,Genny,Christiansen,genny.christiansen@lebsack.biz,283.452.6482 x946,Thu Sep 06 07:33:34 EET 1928
ZBO7164,Noe,Durgan,noe.durgan@kozey.net,1-145-992-0991 x22779,Tue Feb 25 01:00:03 EET 1992
VIT285,Marlana,Hudson,marlana.hudson@swift.com,280.279.1962 x853,Thu Aug 11 16:42:17 EET 1927
OZA1417,Jeannette,Keebler,jeannette.keebler@towne.co,744.692.0792 x3202,Thu Apr 25 07:13:37 EET 1940
ICO3667,Gertrude,Kemmer,gertrude.kemmer@larkin.org,(649) 262-8489 x97301,Sat Jan 15 02:53:11 EET 1927
TTX223,Sadye,Stokes,sadye.stokes@frami.io,948-735-1658,Tue Nov 15 00:49:18 EET 1955
NLY942,Teodora,Cruickshank,teodora.cruickshank@smith.net,081-254-6986 x1148,Sun Sep 15 10:31:56 EET 1974
JSV2300,Kaitlyn,Gorczany,kaitlyn.gorczany@hartmann.org,947.538.1557 x6628,Wed Jan 09 21:50:10 EET 1985
ODJ840,Wilburn,Konopelski,wilburn.konopelski@wolf.info,(428) 403-6221 x30271,Mon Apr 16 18:53:02 EET 1956
DQC4368,Dennis,Langworth,dennis.langworth@lang.name,1-577-476-2923,Sun Jun 27 18:22:26 EEST 1982
WXB644,Federico,Konopelski,federico.konopelski@connelly.info,852-925-0479 x538,Sun Sep 18 17:11:50 EET 1955
UIZ715,Cecil,Frami,cecil.frami@sanford.io,026-454-6169,Thu May 04 22:26:50 EEST 1939
WDC639,Eddie,Stroman,eddie.stroman@lakin.com,1-542-585-8996,Tue Dec 10 16:42:26 EEST 1940
MZJ311,Tonita,Kassulke,tonita.kassulke@kohler.net,550.568.3565 x819,Wed Jul 20 11:43:57 EEST 1983
UWM9459,Fidel,Swift,fidel.swift@mueller.co,969.070.4480 x33008,Fri Jul 27 12:14:10 EET 1979
FPA5778,Calista,Heaney,calista.heaney@bartoletti.net,1-177-730-6035,Thu Mar 26 03:41:50 EET 1998
AZX1933,Valery,Moore,valery.moore@blanda.info,(060) 354-0224 x24481,Sat Apr 07 04:34:56 EEST 1984
NRE314,Tobias,Daniel,tobias.daniel@moore.io,082.224.6074,Thu Feb 18 12:25:19 EET 1988
FYE8967,Hilton,Wintheiser,hilton.wintheiser@monahan.co,1-355-238-1829,Sat Feb 04 01:25:00 EET 1967
FDP2443,Vivan,Welch,vivan.welch@mertz.co,764.451.8899,Sun Jun 27 13:48:53 EET 1948
OHD523,Leonel,Corwin,leonel.corwin@medhurst.org,421.382.3785 x6170,Fri Jul 03 06:35:50 EEST 1987
LXW593,Devon,Weimann,devon.weimann@cormier.com,(825) 568-9974,Thu Aug 02 20:02:24 EET 1973
OBF5619,Ernesto,Hintz,ernesto.hintz@willms.net,907.324.6496,Mon May 15 19:39:12 EEST 1989
GBO7158,German,Larkin,german.larkin@schiller.biz,574.240.5577 x8574,Thu Jul 21 11:21:17 EET 1949
BGZ403,Debbra,Simonis,debbra.simonis@kovacek.io,(122) 386-8474 x469,Mon Dec 11 16:45:28 EET 2000
HGT577,Isaias,Metz,isaias.metz@white.name,280.149.6964,Thu Jun 05 21:51:33 EET 1947
KND2619,Sindy,Nitzsche,sindy.nitzsche@stiedemann.net,801-347-3447 x0018,Sat May 27 09:22:05 EEST 1989
VAQ2622,Paula,O'Connell,paula.o'connell@rowe.info,(672) 501-3458,Fri Oct 13 15:10:44 EET 1950
WAI1337,Jamey,Schaefer,jamey.schaefer@schowalter.org,(749) 083-6526 x6679,Thu Aug 26 18:35:36 EET 1948
PUG778,Roosevelt,Ebert,roosevelt.ebert@roberts.com,1-192-870-7291 x8943,Wed Sep 05 10:48:14 EEST 1990
QCM6407,Iris,Halvorson,iris.halvorson@harber.biz,346.882.0776 x580,Mon Jun 08 12:05:21 EEST 1981
QST0831,Cody,Walter,cody.walter@weissnat.net,1-236-272-8532 x45160,Sat Mar 06 02:47:26 EET 1982
WVI1282,Celesta,McDermott,celesta.mcdermott@ryan.name,(834) 546-0932 x7889,Sat Oct 16 14:45:14 EET 1982
XIQ5202,Cordie,Anderson,cordie.anderson@rolfson.net,(221) 272-0264 x166,Mon Jul 20 11:46:00 EEST 1987
HUV7848,Aundrea,Upton,aundrea.upton@botsford.com,468.193.7525,Thu Mar 22 13:05:52 EET 1951
HKX7195,Dave,Oberbrunner,dave.oberbrunner@gleason.net,072-798-0259,Sat Sep 10 01:33:09 EET 1927
DDH9422,Corrinne,Kunde,corrinne.kunde@hilpert.org,158-055-6634 x1726,Sat Sep 15 03:55:27 EET 1945
FBE3596,Sherrill,Parisian,sherrill.parisian@bailey.net,1-724-763-0079,Tue Mar 24 03:07:46 EET 1992
KKU3083,Lexie,Crooks,lexie.crooks@stehr.net,1-868-481-9313 x349,Fri Mar 25 19:57:46 EET 1932
DGT548,Edison,Walker,edison.walker@kiehn.io,(372) 529-5039,Wed Mar 27 09:26:02 EET 1946
OSI0090,Kurt,Simonis,kurt.simonis@reinger.net,675.373.0992,Fri Oct 29 17:35:14 EET 1943
TKI5775,Clement,Johnson,clement.johnson@deckow.info,1-911-678-8188 x6738,Sat Oct 12 13:35:46 EET 1957
XGM687,Awilda,Vandervort,awilda.vandervort@okon.net,1-182-144-3736,Thu Aug 13 11:09:44 EET 1931
UNT9962,Val,Kertzmann,val.kertzmann@maggio.info,1-901-043-8547,Fri May 12 21:59:23 EET 1967
PCQ7182,Damian,Powlowski,damian.powlowski@schaefer.info,476-748-8392,Sat May 03 22:41:28 EET 1947
AML0387,Normand,Zboncak,normand.zboncak@grant.org,826-595-4097,Thu Jan 02 21:15:10 EET 1930
XLW1310,Debrah,Bechtelar,debrah.bechtelar@balistreri.org,226-448-2681,Tue Aug 14 09:03:05 EET 1956
RXB7674,Merrie,McClure,merrie.mcclure@hegmann.net,1-859-781-2585,Tue Apr 21 08:26:55 EET 1970
QER693,Reynaldo,Klein,reynaldo.klein@konopelski.biz,1-546-679-8754,Sun May 30 08:12:24 EEST 1937
NTA713,Apryl,Larson,apryl.larson@harvey.io,1-621-600-8008,Mon May 19 15:32:47 EET 1975
VIE5406,Karl,Cruickshank,karl.cruickshank@bode.io,1-363-124-2909,Mon Oct 24 03:08:25 EEST 2005
BCL1452,Darcy,Koelpin,darcy.koelpin@funk.com,817-349-8364 x233,Sun Dec 23 09:09:31 EET 1990
NZP7686,Georgeann,Parisian,georgeann.parisian@batz.org,(086) 510-7420 x624,Sun Jun 10 02:10:44 EET 1956
LTY7957,Cyndy,Davis,cyndy.davis@mcglynn.name,344.910.1431 x66468,Tue May 03 16:00:58 EET 1949
NLP1448,Rubin,Gerlach,rubin.gerlach@kertzmann.net,(690) 072-6407 x0322,Wed Jan 19 00:18:45 EET 1983
CAM286,Lacy,Langworth,lacy.langworth@cartwright.net,1-503-513-9381 x29863,Fri Jan 18 22:18:08 EET 1957
KLA983,Randal,Murphy,randal.murphy@crooks.co,1-861-740-1512 x588,Thu Feb 27 18:33:14 EET 1958
IWE902,Elmer,Kutch,elmer.kutch@padberg.io,265-372-1652 x106,Sat Jan 24 21:14:30 EET 1959
NQG792,Jeff,Gibson,jeff.gibson@emmerich.co,1-484-910-8081 x29676,Thu Jan 07 23:41:32 EET 1999
VRW4442,Randee,Larkin,randee.larkin@williamson.org,1-471-270-8909 x856,Thu Sep 08 07:12:04 EET 1955
OEL726,Shanna,McDermott,shanna.mcdermott@mraz.co,1-279-534-1705 x095,Fri Nov 25 22:36:19 EET 1994
NME556,Librada,Christiansen,librada.christiansen@mayert.co,1-799-744-0656 x9781,Sun Oct 10 12:18:35 EET 1976
TSW7821,Janay,Schuster,janay.schuster@rohan.com,(795) 886-1419 x859,Sun Feb 26 09:57:38 EET 1984
HKK1858,Melony,Schumm,melony.schumm@ziemann.com,(582) 099-8124 x94225,Sun May 14 21:56:24 EET 1972
ONW3127,Mitchel,Crist,mitchel.crist@heaney.com,(149) 325-1458,Thu Dec 26 17:44:27 EET 1946
AUK837,Verla,Murazik,verla.murazik@mohr.com,941-315-9039,Wed Mar 16 10:25:10 EET 1932
DWC564,Ellsworth,Harber,ellsworth.harber@gerhold.biz,(286) 847-8094,Sat Jan 26 05:27:40 EET 2002
YIK9744,Lenard,Romaguera,lenard.romaguera@hauck.name,556-679-3124,Thu Feb 22 01:04:59 EET 1968
PDR3650,Concha,Beahan,concha.beahan@jakubowski.io,1-029-790-5969 x440,Tue May 24 15:44:22 EET 1927
INW4025,Hilario,Cruickshank,hilario.cruickshank@bashirian.co,237-198-3664 x856,Thu Mar 15 14:29:22 EET 1956
CEV9211,Elmer,Von,elmer.von@grady.info,(282) 177-9593 x63087,Tue Jun 29 20:15:10 EET 1965
KVV225,Nathanael,Klein,nathanael.klein@osinski.org,(539) 260-9714 x91698,Sun Jun 04 03:17:08 EEST 1995
WXL0235,Karan,Satterfield,karan.satterfield@toy.info,1-433-935-2388 x3497,Thu Sep 30 10:05:42 EEST 1937
WFT566,Willian,Hackett,willian.hackett@hodkiewicz.io,(757) 681-3620,Sun Jul 14 02:48:03 EET 1974
ELS011,Quinton,Mertz,quinton.mertz@bauch.name,(678) 559-2833,Tue Dec 03 02:29:58 EET 1957
JCF388,Damian,Johnston,damian.johnston@daugherty.name,(094) 192-3437 x020,Wed Feb 18 16:16:34 EET 1925
PUZ5169,Lionel,Adams,lionel.adams@muller.info,583-870-0503 x01130,Fri Sep 07 13:42:06 EET 1945
TDK1149,Joanne,Bednar,joanne.bednar@volkman.co,(456) 118-9635 x040,Sun Dec 04 14:32:42 EET 1960
VWF0044,Ramonita,Collins,ramonita.collins@hane.biz,(132) 913-6855 x923,Wed Jul 10 14:11:30 EET 1957
MRN378,Teofila,Cronin,teofila.cronin@wehner.com,102.313.4452,Mon Sep 07 22:25:10 EET 1964
KEO0328,Dudley,Ward,dudley.ward@mcglynn.name,520-782-8770 x08109,Fri Aug 07 19:09:14 EEST 1936
ECH4815,Cordie,Mills,cordie.mills@cole.org,456-549-7340,Tue Jan 18 03:18:43 EET 2000
MAQ4171,Luke,Langosh,luke.langosh@kessler.com,1-465-238-5486,Fri Jul 29 13:47:29 EET 1977
AKO0419,Jarod,Buckridge,jarod.buckridge@will.name,1-491-610-9831 x57528,Sat Mar 14 11:31:59 EET 1931
DGB0242,Krissy,Kilback,krissy.kilback@west.biz,(762) 034-4145,Fri Sep 11 03:34:00 EEST 1981
FHL2382,Mathilda,Crona,mathilda.crona@pagac.name,(510) 050-2491 x705,Fri Oct 22 00:19:52 EET 1948
KHF3341,So,Greenfelder,so.greenfelder@roberts.io,677.976.9438 x3688,Sun Feb 24 08:56:09 EET 1991
NYY1887,Karan,Conroy,karan.conroy@mckenzie.org,(901) 396-3404 x3146,Sun Sep 23 13:02:13 EET 1951
HNQ085,Frieda,Hand,frieda.hand@lynch.org,445-107-9743 x87665,Sat Feb 15 15:41:40 EET 1969
XWO5458,Nona,Goodwin,nona.goodwin@tromp.info,012-142-2171 x0883,Sun Apr 27 10:31:28 EEST 1997
YTW390,Barry,Rau,barry.rau@beatty.io,(452) 342-0022,Tue May 08 03:15:53 EET 1979
QKT3199,Wilson,Haley,wilson.haley@fisher.org,1-495-008-0710 x6009,Wed Feb 10 09:24:50 EET 1965
TGI226,Susana,Auer,susana.auer@stanton.co,067.526.6718,Sat Mar 21 21:22:43 EET 1998
IYY6028,Hermina,Rosenbaum,hermina.rosenbaum@damore.com,(109) 714-5416 x896,Mon Nov 22 12:53:32 EET 1982
IVG218,Karena,Sipes,karena.sipes@schinner.name,718.402.5184 x7075,Thu Oct 14 08:46:36 EET 1993
FXZ060,Macy,Dach,macy.dach@herzog.name,(810) 202-3411,Sat Jan 05 13:29:41 EET 1952
PHR5709,Luise,Bechtelar,luise.bechtelar@kilback.name,392.658.4901 x83550,Sun Jul 07 20:58:33 EET 1963
CSG2574,Nikita,Fisher,nikita.fisher@harris.com,819.276.5022 x88980,Tue Jun 03 10:21:51 EET 1969
AXQ5273,Cassie,Treutel,cassie.treutel@nitzsche.co,(468) 423-2666 x44293,Fri Jan 23 00:37:43 EET 1959
CMS940,Hong,Gutkowski,hong.gutkowski@metz.io,(561) 194-9787 x9647,Thu Jun 28 13:48:21 EEST 1990
BNH461,Dede,Bednar,dede.bednar@sawayn.biz,1-565-702-9960 x3208,Tue Jan 17 11:23:38 EET 1989
UHO133,Shelia,Glover,shelia.glover@jacobi.name,666-449-1417 x4838,Fri Mar 21 08:14:23 EET 1947
FJR086,Deena,Walker,deena.walker@hoeger.name,1-001-023-0626,Wed Oct 12 23:06:37 EET 1966
PDW5369,Barbera,Borer,barbera.borer@welch.net,231.482.6135 x917,Sat Jul 14 20:01:55 EET 1951
QCQ9558,Lacresha,Pfannerstill,lacresha.pfannerstill@auer.name,621-826-7730,Sat Mar 21 17:13:03 EET 1953
NSM2044,Ashanti,Grimes,ashanti.grimes@zemlak.org,1-871-756-9666,Fri Jan 06 21:16:55 EET 2006
PTM746,Maximo,Beatty,maximo.beatty@heaney.info,1-574-979-0283 x32746,Fri Oct 20 21:39:42 EET 1944
VJX801,Erasmo,Hoeger,erasmo.hoeger@howe.com,1-427-561-2261 x38130,Sat Jan 03 07:54:13 EET 1976
XNH883,Paris,Hills,paris.hills@graham.net,(444) 606-3299,Sun Sep 14 09:59:54 EEST 1997
MSL0788,Cletus,Runte,cletus.runte@crona.info,475-911-1108 x477,Tue Dec 26 01:02:33 EET 1972
GHJ136,Jeanice,Mante,jeanice.mante@stark.biz,1-861-683-0886,Fri Oct 29 06:44:46 EET 1982
QEA578,Ned,Lebsack,ned.lebsack@volkman.name,1-357-800-8824 x600,Sat Jul 26 05:07:12 EET 1969
BFA7359,Hubert,Leffler,hubert.leffler@heller.info,711-281-4440 x866,Mon Nov 14 20:45:35 EET 1932
DAV542,Andres,Kozey,andres.kozey@stoltenberg.net,(544) 219-8370,Sun Jul 19 01:34:43 EET 1970
AXZ5803,Darline,Schumm,darline.schumm@wuckert.name,695.899.8304 x448,Mon Feb 06 15:06:09 EET 1950
HJV6243,Lezlie,Kautzer,lezlie.kautzer@goyette.io,(385) 715-6266,Wed Feb 27 16:00:50 EET 1946
JAV3475,Naida,Gibson,naida.gibson@hegmann.co,(093) 029-0969,Thu Jan 13 17:41:06 EET 1927
SQF119,Elsa,Maggio,elsa.maggio@beahan.info,568.960.1660 x35217,Sat Feb 12 13:37:27 EET 2000
YZE612,Benita,Langworth,benita.langworth@purdy.co,243.436.4050 x8856,Sat Mar 15 01:39:17 EET 1930
GAT336,Courtney,Kuphal,courtney.kuphal@hahn.io,1-171-805-1361 x355,Mon Aug 18 21:44:48 EEST 2003
CWM386,Christel,Brakus,christel.brakus@bayer.info,(494) 548-2612 x6578,Sat Sep 27 20:57:40 EEST 2003
LTP978,Joy,Kuhic,joy.kuhic@wolff.io,(748) 146-7884 x1910,Mon Oct 03 01:04:19 EET 1994
ZXA1557,Jasper,Kemmer,jasper.kemmer@carroll.io,346-721-8106 x515,Sat Oct 03 01:29:17 EET 1964
JZK060,Jamila,Thiel,jamila.thiel@oberbrunner.org,(142) 218-8859,Sun Sep 21 06:24:50 EEST 1997
JGM6605,Raymonde,Dicki,raymonde.dicki@oreilly.name,071.215.7674,Wed Mar 09 15:46:19 EET 1949
GXD976,August,West,august.west@zulauf.org,627-907-4648,Tue Nov 27 07:32:20 EET 1951
ELE602,Kerry,Bergstrom,kerry.bergstrom@corwin.biz,669-079-1438,Sat Jan 28 17:28:08 EET 1950
GJO848,Shizue,Bergnaum,shizue.bergnaum@nicolas.name,376-712-9577 x380,Tue Aug 24 14:18:05 EEST 1982
HZG1839,Odis,Greenholt,odis.greenholt@berge.co,1-314-028-3082,Tue Dec 23 19:01:21 EET 2003
UWF3707,Fawn,Reinger,fawn.reinger@ortiz.com,539-530-2851 x34601,Fri May 29 06:47:22 EEST 1981
ITI000,Pearl,Ondricka,pearl.ondricka@yundt.io,1-576-893-4909 x99737,Thu Jun 22 01:05:03 EEST 2006
CRM6922,Scottie,Rath,scottie.rath@greenholt.io,497-995-7113,Wed Jul 03 03:32:06 EEST 1991
JSI537,Domenic,Dach,domenic.dach@macgyver.org,1-057-454-3383,Thu Dec 15 21:47:27 EET 1988
RIF2351,Rich,Hamill,rich.hamill@emard.io,680.818.3570 x1138,Thu Sep 08 10:21:51 EEST 1988
RUF542,Barbie,Gerlach,barbie.gerlach@dach.io,064.326.1759,Fri Jan 02 23:02:38 EET 1987
LCU5565,Elroy,Waters,elroy.waters@rodriguez.net,(232) 255-0394 x10939,Fri Apr 22 19:30:59 EEST 1994
SFE9803,Lee,Schimmel,lee.schimmel@heidenreich.info,1-910-142-0114 x786,Sat Mar 12 20:08:40 EET 1994
LRE8675,Sophia,Wyman,sophia.wyman@farrell.info,(924) 716-7235,Sat Jul 10 16:45:47 EEST 1999
MZB710,Gilbert,Prosacco,gilbert.prosacco@bechtelar.org,(118) 674-3378 x125,Fri May 24 14:33:24 EET 1940
JIR6009,Leif,Hoppe,leif.hoppe@lehner.name,101.844.6043,Fri Dec 11 03:37:02 EET 1981
NHB0865,Winford,Farrell,winford.farrell@ankunding.net,1-111-498-0334 x7652,Mon Oct 10 04:06:50 EET 1994
QGQ725,Oswaldo,Lynch,oswaldo.lynch@zemlak.biz,710.766.6896 x507,Fri Jul 20 11:32:04 EEST 1934
ORS7819,Ivory,Mertz,ivory.mertz@mcglynn.name,619.899.3721 x04864,Fri Jun 14 20:10:34 EET 1968
XUG7867,Gabriella,Christiansen,gabriella.christiansen@welch.com,441-022-2217 x65916,Thu Mar 17 09:15:29 EET 2005
PGS2594,Anglea,Keeling,anglea.keeling@green.com,203-519-6893,Mon May 18 22:27:38 EET 1931
CNL110,Bert,Lemke,bert.lemke@anderson.info,1-718-754-1120 x2504,Thu May 06 21:58:42 EET 1948
AJB4057,Rossana,Emmerich,rossana.emmerich@hickle.co,(138) 942-6484 x930,Thu Mar 03 10:38:31 EET 1960
IUY7984,Bernie,Ferry,bernie.ferry@hartmann.name,276.695.4665,Fri Sep 30 07:39:27 EET 1977
FMQ6179,Aleshia,Harris,aleshia.harris@baumbach.co,1-613-517-7645 x165,Sat Apr 16 22:35:07 EET 1927
VSU507,Tonisha,Littel,tonisha.littel@koss.name,1-113-156-0462 x635,Mon Apr 23 01:31:21 EET 1962
ZHJ4908,Clarice,Runolfsson,clarice.runolfsson@nienow.biz,1-590-881-3085 x78908,Tue Aug 31 16:30:03 EEST 1993
AWV721,Derek,Reinger,derek.reinger@kuphal.info,702.202.3748,Wed Jan 02 00:22:00 EET 2002
PDX0694,Vivien,McDermott,vivien.mcdermott@mraz.io,(739) 444-1830,Sat Aug 10 21:05:41 EEST 1935
LKI189,Maudie,Larson,maudie.larson@johnston.net,922-984-2348,Sun May 26 17:18:42 EET 1968
LQR673,Shanae,Hudson,shanae.hudson@friesen.info,(706) 441-3492 x68053,Sat Jul 09 04:37:02 EEST 1983
KLE0243,Stephan,Schiller,stephan.schiller@beier.net,1-113-403-2285,Thu Nov 03 03:18:23 EET 1955
CBS5906,Ismael,Mayert,ismael.mayert@durgan.com,210-701-6003 x1389,Fri Mar 02 01:08:29 EET 1984
DYK738,Bethanie,DuBuque,bethanie.dubuque@donnelly.com,(593) 979-7708 x4732,Fri Aug 20 19:31:27 EET 1971
ECI578,Hung,White,hung.white@nienow.org,704-246-8562 x772,Thu Feb 28 20:34:18 EET 1974
KGQ4141,Bennett,Purdy,bennett.purdy@west.net,481.591.8127 x78476,Fri Jun 21 19:37:53 EET 1957
XEP285,Margareta,Rutherford,margareta.rutherford@ortiz.biz,1-614-368-3350 x3570,Sun Feb 16 02:53:00 EET 1958
LOE8475,Tom,Hauck,tom.hauck@collier.co,304.978.3735 x50414,Fri Aug 15 03:42:23 EET 1930
POP274,Alyssa,Ratke,alyssa.ratke@stehr.name,(566) 186-9617,Thu Sep 21 00:40:58 EET 1944
HLT2735,Earle,Krajcik,earle.krajcik@nitzsche.name,(278) 792-9135,Wed Jun 07 20:22:11 EET 1961
HEK967,Melany,Rodriguez,melany.rodriguez@rohan.info,(789) 850-9578 x779,Thu Oct 10 09:46:58 EET 1957
VFC5695,Marcelo,Bosco,marcelo.bosco@schuppe.io,464.006.6385,Fri Oct 14 20:44:31 EET 1949
BAC2083,Alexis,Veum,alexis.veum@dare.io,1-405-819-2573 x38380,Sat May 01 12:10:59 EET 1954
QNB501,Sung,Yost,sung.yost@fahey.org,800.745.7017,Mon Jan 04 05:47:35 EET 1999
RRD0094,Garth,Beahan,garth.beahan@rogahn.io,547.319.2228,Wed Sep 27 04:06:50 EET 1967
NWF912,Cecila,Welch,cecila.welch@trantow.co,1-509-463-9523 x0576,Thu Jun 11 06:15:17 EET 1959
FRX8186,Dimple,Jones,dimple.jones@ortiz.name,328-802-2876,Thu Sep 08 21:38:52 EET 1949
ENC719,Sau,Cremin,sau.cremin@rosenbaum.com,1-228-851-5234 x05188,Sun Nov 27 03:22:32 EET 1994
DHY2666,Vilma,Ebert,vilma.ebert@connelly.org,(246) 980-2761 x13021,Fri Nov 03 21:16:19 EET 1939
JRR442,Olga,Kihn,olga.kihn@gutkowski.name,243.561.2167 x532,Wed Mar 21 09:29:56 EET 1934
SUB8629,Willian,Rice,willian.rice@lebsack.name,386.999.6821 x81841,Sat Dec 10 23:55:26 EET 1994
GLY3876,Nicole,Ruecker,nicole.ruecker@mills.io,(214) 670-8496,Sun Nov 02 01:01:39 EET 1980
OVE599,Carroll,Effertz,carroll.effertz@mills.net,964.790.8324 x408,Mon Apr 22 07:32:03 EET 1929
SWT6742,Cornelius,Wuckert,cornelius.wuckert@haag.co,(474) 748-3268,Fri May 15 04:16:12 EEST 1981
OUV890,Derrick,Sanford,derrick.sanford@aufderhar.name,1-200-291-6599,Sun Jun 09 22:31:44 EET 1940
NRV8555,Rowena,DuBuque,rowena.dubuque@davis.net,(441) 129-1469,Thu Apr 29 10:52:39 EEST 1982
BLC4945,Ha,Deckow,ha.deckow@fadel.org,1-461-433-2853,Fri Dec 15 12:01:29 EET 1972
NNI1506,Galen,Nader,galen.nader@lueilwitz.info,366.301.6409,Wed Mar 15 11:30:58 EET 1944
NEM3387,Deneen,West,deneen.west@harvey.name,(596) 744-6614 x3614,Sat Feb 25 11:24:50 EET 1989
XFA556,Gerardo,Farrell,gerardo.farrell@ward.net,008-264-4083 x1775,Mon Nov 18 03:05:21 EET 1935
OKO5864,Farrah,Bergstrom,farrah.bergstrom@hilpert.co,636-745-8593,Tue Aug 26 17:53:24 EEST 1997
XAA1019,Sally,Bernhard,sally.bernhard@kuhic.co,516.602.4702 x5853,Fri Aug 31 15:38:19 EET 1956
QHB9518,Richard,Abernathy,richard.abernathy@glover.co,517-472-8280 x14886,Mon Aug 11 16:57:51 EET 1952
CAE342,Katlyn,Abernathy,katlyn.abernathy@hoppe.io,738.306.4996 x50850,Thu Mar 13 19:09:24 EET 1980
RBH9653,Spencer,Walsh,spencer.walsh@pouros.org,324-403-5195 x67591,Sun Jan 23 01:51:42 EET 1977
OYG2394,Lyman,Mills,lyman.mills@spinka.com,671.759.6047 x09253,Wed Jan 05 11:26:52 EET 1983
DEM715,Harland,Metz,harland.metz@gaylord.biz,171.990.2889 x82775,Sun Oct 08 02:36:39 EET 1978
TPQ7959,Tom,Predovic,tom.predovic@okeefe.biz,993-884-1417 x59616,Mon Mar 30 19:26:47 EET 1981
HOH157,Sam,Kuvalis,sam.kuvalis@strosin.io,(888) 717-0818 x16657,Thu May 01 07:41:45 EET 1952
QRV3374,Laverna,Gulgowski,laverna.gulgowski@reinger.io,1-944-946-0754,Tue Dec 23 16:38:47 EET 1952
URS9892,Wes,Wilderman,wes.wilderman@kuphal.net,036-787-0983 x89132,Sun May 07 15:42:58 EEST 1995
JJN993,Hilton,Swift,hilton.swift@borer.biz,1-299-114-5707,Thu Jul 26 17:15:10 EEST 1934
CKR8204,Armand,Grimes,armand.grimes@anderson.co,081-238-0308 x15741,Mon Nov 15 00:23:04 EET 1965
GIU028,Abel,Kris,abel.kris@king.name,680-762-5572 x7040,Mon Apr 23 19:09:35 EET 1951
QIT4924,Jenni,Powlowski,jenni.powlowski@king.org,747-438-9929,Sun Jun 20 14:50:49 EEST 1943
LET4652,Julia,Lang,julia.lang@windler.org,1-056-883-6163,Tue Mar 08 03:42:24 EET 1932
YXP2539,Norris,Stanton,norris.stanton@metz.info,1-056-784-6263 x569,Sat Jul 04 05:35:53 EEST 1936
RXA400,Miquel,Parker,miquel.parker@ullrich.co,993.410.8331,Sun Jul 16 04:49:14 EEST 1995
IUN5920,Nikita,Lubowitz,nikita.lubowitz@lockman.biz,(490) 217-3211,Tue Jul 03 06:49:15 EET 1956
FQK6739,Zola,Blanda,zola.blanda@christiansen.com,421-719-8921 x5027,Thu Jun 10 04:30:24 EEST 1937
SPN200,Sharyl,Spinka,sharyl.spinka@johnson.name,1-663-390-1424,Sun Jan 14 12:00:35 EET 1945
NNR5139,Ashlyn,Fay,ashlyn.fay@watsica.net,731-293-0741,Sun May 04 05:53:45 EET 1930
LRL423,Angie,Schamberger,angie.schamberger@wilkinson.net,995.278.5031,Fri Mar 08 18:03:54 EET 1935
RXK1156,Jeffry,Powlowski,jeffry.powlowski@champlin.net,589-713-3266 x180,Wed Sep 02 06:17:29 EEST 1942
BDK926,Tracy,O'Kon,tracy.o'kon@friesen.co,226-234-5275 x85469,Thu Sep 28 02:25:44 EET 1961
VLV3268,Lenny,Daugherty,lenny.daugherty@schmeler.org,(895) 460-2074 x808,Sat Aug 15 10:40:15 EEST 1992
HCA496,Elina,Grimes,elina.grimes@macgyver.biz,265-108-7286,Wed Sep 07 12:28:40 EEST 2005
BWZ1100,Arlette,Mayer,arlette.mayer@kovacek.com,613-112-4384 x5353,Sun Mar 21 22:20:16 EET 1976
JSD5222,Terresa,Schowalter,terresa.schowalter@stehr.biz,1-543-847-8036 x727,Mon Apr 20 19:36:03 EEST 1987
BLF2607,Ken,O'Kon,ken.o'kon@sanford.name,668-207-7461,Tue Sep 08 01:50:29 EET 1953
HCT170,Milton,Kirlin,milton.kirlin@nader.org,1-161-064-3480 x7285,Thu Mar 20 13:34:21 EEST 1941
PSA6739,Cassaundra,Keeling,cassaundra.keeling@bechtelar.biz,1-778-745-9552 x65183,Sun Oct 08 15:09:08 EEST 2000
CKG7266,Freda,Feeney,freda.feeney@crist.name,1-145-048-2561 x3333,Tue Apr 17 05:28:14 EET 1962
PNU954,Charlesetta,Harber,charlesetta.harber@dach.org,(804) 203-6984 x5447,Mon May 13 03:12:09 EEST 1935
NVW616,Adina,Kassulke,adina.kassulke@skiles.biz,1-590-564-4189,Thu Dec 21 12:43:08 EET 1967
SKX0064,Isaac,Strosin,isaac.strosin@hoppe.io,704.736.7808,Fri Dec 21 05:57:15 EET 1956
KTC463,Bernardine,Connelly,bernardine.connelly@bogan.info,724-386-5046 x7360,Mon Nov 12 02:21:07 EET 1990
ROE1984,Leonardo,Turner,leonardo.turner@krajcik.co,097-277-6476,Fri Dec 31 18:06:25 EET 1999
GSU164,Leon,Sauer,leon.sauer@labadie.org,000-173-9860,Sun Feb 09 17:27:50 EET 1964
NZY996,Edgar,Larkin,edgar.larkin@rath.name,644.581.7771 x4241,Thu Jan 15 19:55:38 EET 1976
DEW636,Efrain,Hartmann,efrain.hartmann@funk.name,466-992-8465 x3739,Tue Jun 04 22:59:30 EEST 1991
JCZ6386,Rebeca,Roberts,rebeca.roberts@terry.name,470-358-8640,Sun Mar 08 00:46:35 EET 1992
HGU241,Christinia,Schmeler,christinia.schmeler@bailey.com,215.271.1183 x866,Fri May 21 07:09:07 EEST 2004
KUC1128,Molly,Ferry,molly.ferry@bode.co,1-785-162-6298 x387,Wed Aug 27 12:09:01 EEST 1997
YPH2946,Elijah,Luettgen,elijah.luettgen@wisozk.net,(164) 089-8581 x1914,Wed May 14 11:09:55 EEST 2003
CGP728,Mandi,Lynch,mandi.lynch@schroeder.org,376.354.2099 x43647,Mon May 24 05:00:37 EET 1948
BSN236,Milo,Goldner,milo.goldner@von.co,482.638.9454,Sun Feb 07 06:29:55 EET 1943
ZCG8134,Duane,Pfeffer,duane.pfeffer@rippin.io,(489) 842-7718 x778,Thu Jan 14 06:47:57 EET 1960
GHE3259,Cherilyn,Monahan,cherilyn.monahan@dickinson.com,077.977.9618,Tue Feb 10 04:18:34 EET 1959
DYU4056,Erik,Wisoky,erik.wisoky@gutmann.io,(923) 731-0161 x76218,Tue Dec 18 12:57:26 EET 1945
QUQ2401,Ali,Heidenreich,ali.heidenreich@mann.biz,1-122-182-9282,Tue Jan 08 21:33:34 EET 1935
HJX525,Doug,Hahn,doug.hahn@grady.biz,1-900-540-2873 x77052,Tue Sep 09 13:11:51 EEST 1986
QDA4148,Ilona,Kutch,ilona.kutch@schmeler.com,(070) 845-1479,Mon Sep 27 13:11:34 EET 1948
UYO747,Rick,Christiansen,rick.christiansen@collier.io,263-126-3478,Tue Jan 31 15:52:43 EET 1978
WUP371,Aaron,Reichert,aaron.reichert@hammes.io,944-108-2199 x497,Wed Nov 04 09:03:27 EET 1981
QYG6330,Exie,Graham,exie.graham@hauck.co,068.122.9037 x4050,Sun Nov 01 17:27:08 EET 1953
RLA8024,Letty,Jenkins,letty.jenkins@stracke.com,348-326-4680 x9046,Tue Dec 07 11:47:43 EET 1965
ZBY636,Bennett,Boyle,bennett.boyle@altenwerth.com,500.842.5793 x858,Wed Oct 20 03:04:55 EET 1943
FYU4496,Evie,Hessel,evie.hessel@klein.io,952.301.6725 x62367,Thu Feb 18 01:35:27 EET 1937
